Unnamed: 0,mobile_names,asin,title,body,star,body_clean,sentiment
0,"Samsung Galaxy M21 (Midnight Blue, 4GB RAM, 64GB Storage)",B07HGJJ559,"
value money go it
", update 15082020never give chance regret go aheadthe icons looks great set spherlue icons theam looks better dark mode even though 6000 mah always leaves phone charging go bed like see phone 100 every morning turned fast charging option affect batterymonster 1 battery 55two day battery standby normal easy2display 4995super amaload full hd superb display3design35it a6000mah battery still looking bulky noglass body cares put back cover opinion dont spend money glass body uses back covers4 camera 35back camera pretty good front cameras low light output low many features available slow super slow videos available5 osui 55android 10 one ui6finger print reader face lock 35 face lock finger print reader fast7processor performance 355exynos 9611 meant pubg gamers perfect heavy gamer lag ang hang till processor outdated8 charging 255 fast charging provided 15w charger iy takes 3 hrs fully reacharge phone9 accessories 25no earphone back cover screenguard order backcover tempered glass placing order backbody plastic amd prone scratches10loud speaker 155loudspeaker sound level low keep earphonesverdict price best choice hardcore gamer ,4,update 15082020never give chance regret go aheadthe icons looks great set spherlue icons theam looks better dark mode even though 6000 mah always leaves phone charging go bed like see phone 100 every morning turned fast charging option affect batterymonster 1 battery 55two day battery standby normal easy2display 4995super amaload full hd superb display3design35it a6000mah battery still looking bulky noglass body cares put back cover opinion dont spend money glass body uses back covers4 camera 35back camera pretty good front cameras low light output low many features available slow super slow videos available5 osui 55android 10 one ui6finger print reader face lock 35 face lock finger print reader fast7processor performance 355exynos 9611 meant pubg gamers perfect heavy gamer lag ang hang till processor outdated8 charging 255 fast charging provided 15w charger iy takes 3 hrs fully reacharge phone9 accessories 25no earphone back cover screenguard order backcover tempered glass placing order backbody plastic amd prone scratches10loud speaker 155loudspeaker sound level low keep earphonesverdict price best choice hardcore gamer,Positive
1,"Samsung Galaxy M21 (Midnight Blue, 4GB RAM, 64GB Storage)",B07HGJJ559,"

", title obviously monsterand good performance,5,title obviously monsterand good performance,Positive
2,"Samsung Galaxy M21 (Midnight Blue, 4GB RAM, 64GB Storage)",B07HGJJ559,"
best budget phone india
", brilliant camera huge battery life brilliant display addition premium feeling samsung shame phones launch delayed due lockdownhighly recommended phone ,5,brilliant camera huge battery life brilliant display addition premium feeling samsung shame phones launch delayed due lockdownhighly recommended phone,Positive
3,"Samsung Galaxy M21 (Midnight Blue, 4GB RAM, 64GB Storage)",B07HGJJ559,"
battery life upto mark
", writing review using 6 daysi bought sumsung phone 7 years hoping could good phone samsung disappointed lotthey claim 6000mah battery drain like 3000mah take almost 230hrs charge 10 90 fast charging fast charging market gimic clail monester like features iebattery 6000mah 15w fast charge ete reality far far away claimsothers features per price range thinking battery packed phone fast chargethen would sugget plz search others phone range,3,writing review using 6 daysi bought sumsung phone 7 years hoping could good phone samsung disappointed lotthey claim 6000mah battery drain like 3000mah take almost 230hrs charge 10 90 fast charging fast charging market gimic clail monester like features iebattery 6000mah 15w fast charge ete reality far far away claimsothers features per price range thinking battery packed phone fast chargethen would sugget plz search others phone range,Neutral
4,"Samsung Galaxy M21 (Midnight Blue, 4GB RAM, 64GB Storage)",B07HGJJ559,"
feeling cheated
", defective product received gets 8 12 hours charging amazon exchanging product,1,defective product received gets 8 12 hours charging amazon exchanging product,Negative
5,"Samsung Galaxy M21 (Midnight Blue, 4GB RAM, 64GB Storage)",B07HGJJ559,"
worst product 15000 rs price
", poor performance hangs aloft even dont use gaming app browsing phone lacks inspite 6 gb ram product serves zero rating please dont buy wastage money refund policy device,1,poor performance hangs aloft even dont use gaming app browsing phone lacks inspite 6 gb ram product serves zero rating please dont buy wastage money refund policy device,Negative
6,"Samsung Galaxy M21 (Midnight Blue, 4GB RAM, 64GB Storage)",B07HGJJ559,"
more 5starbest budget mobile india
", love one best class no1 best budget mobile samsung mobile brand also global no1 brand world great one rating 5star thanks samsung n amazon,5,love one best class no1 best budget mobile samsung mobile brand also global no1 brand world great one rating 5star thanks samsung n amazon,Positive
7,"Samsung Galaxy M21 (Midnight Blue, 4GB RAM, 64GB Storage)",B07HGJJ559,"
worth non gamer review
", value moneyi gamer cant say gaming performance buying normal usage phone great 6gb ram128 gb internal storage amoled display satisfiedi using samsung phones start samsungs amoled screen attracted feel gives simply amazingbut battery dont seem 6000 mahas far non gamer concerned phone best price range,5,value moneyi gamer cant say gaming performance buying normal usage phone great 6gb ram128 gb internal storage amoled display satisfiedi using samsung phones start samsungs amoled screen attracted feel gives simply amazingbut battery dont seem 6000 mahas far non gamer concerned phone best price range,Positive
8,"Samsung Galaxy M21 (Midnight Blue, 4GB RAM, 64GB Storage)",B07HGJJ559,"
very nice
", nice mobile good,5,nice mobile good,Positive
9,"Samsung Galaxy M21 (Midnight Blue, 4GB RAM, 64GB Storage)",B07HGJJ559,"
samsung galaxy m21
", samsung galaxy m21 good phone price bought rs 12699 ,4,samsung galaxy m21 good phone price bought rs 12699,Positive
20,"Samsung Galaxy M21 (Midnight Blue, 4GB RAM, 64GB Storage)",B07HGJJ559,"
 
", even realme performs betterfew issues concerned use were1 recording slow motion videosthere always flicker screen2 fingerprint sensor needs attempts work3 camera better realme good redmi4 battery survives one half daywhich bad till using whatsapp calli wonder happen use gaming5 heats chargenot expected world class company phone6 mobile data connection vanishes many times dayi thought airtel network sim works old volte phonewithout issuesuggestions people bought phonesince company provides screen guard please add screen guard soon possiblebecause phone got little scratches kept bike keys phone pocketi repenting applying screen guard phone earlysuggestions people bought phoneif low budget select model otherwise go model samsung brandby adding bucksi attaching two videos one normal modesecond slow modeboth videos made m21you see flikr effect second video easily,2,even realme performs betterfew issues concerned use were1 recording slow motion videosthere always flicker screen2 fingerprint sensor needs attempts work3 camera better realme good redmi4 battery survives one half daywhich bad till using whatsapp calli wonder happen use gaming5 heats chargenot expected world class company phone6 mobile data connection vanishes many times dayi thought airtel network sim works old volte phonewithout issuesuggestions people bought phonesince company provides screen guard please add screen guard soon possiblebecause phone got little scratches kept bike keys phone pocketi repenting applying screen guard phone earlysuggestions people bought phoneif low budget select model otherwise go model samsung brandby adding bucksi attaching two videos one normal modesecond slow modeboth videos made m21you see flikr effect second video easily,Negative
21,"Samsung Galaxy M21 (Midnight Blue, 4GB RAM, 64GB Storage)",B07HGJJ559,"
heating issue
", heating problem simple browising phone gets heated upper side asking replacement amazon customer care fooling us pathetic condition,1,heating problem simple browising phone gets heated upper side asking replacement amazon customer care fooling us pathetic condition,Negative
22,"Samsung Galaxy M21 (Midnight Blue, 4GB RAM, 64GB Storage)",B07HGJJ559,"
amazon amazing
", one word amazing,5,one word amazing,Positive
23,"Samsung Galaxy M21 (Midnight Blue, 4GB RAM, 64GB Storage)",B07HGJJ559,"
frequently restarts
", phonem21 raven black working properly since purchase first installation frequently mode even restarts 30 minutes moreover 45 times takes 2 hours startingi also register complaint amazon regarding dont need disgusting phone wastes 3 days request amazon kindly refund money dont need replacement,1,phonem21 raven black working properly since purchase first installation frequently mode even restarts 30 minutes moreover 45 times takes 2 hours startingi also register complaint amazon regarding dont need disgusting phone wastes 3 days request amazon kindly refund money dont need replacement,Negative
24,"Samsung Galaxy M21 (Midnight Blue, 4GB RAM, 64GB Storage)",B07HGJJ559,"
replacement version good enough previous one nonsence battery
", amazone replaced damaged one phone good enoughprevious one nonsence nonsence battery comes 90 charge full charge u something in10 minutes nonsence need replacement people think customers mad,1,amazone replaced damaged one phone good enoughprevious one nonsence nonsence battery comes 90 charge full charge u something in10 minutes nonsence need replacement people think customers mad,Negative
25,"Samsung Galaxy M21 (Midnight Blue, 4GB RAM, 64GB Storage)",B07HGJJ559,"
pendrive supported
", otg pendrive supported,1,otg pendrive supported,Negative
26,"Samsung Galaxy M21 (Midnight Blue, 4GB RAM, 64GB Storage)",B07HGJJ559,"
poor mobile
", phones videophoto quality audio quality poor,1,phones videophoto quality audio quality poor,Negative
27,"Samsung Galaxy M21 (Midnight Blue, 4GB RAM, 64GB Storage)",B07HGJJ559,"
this mobile phone satisfactory lot issues mentioned
", 5 hrs continuously charging level reach 55 call sound quality cleara lot heating problemcamera quality goodnetwork issueslow processingpoor performance,1,5 hrs continuously charging level reach 55 call sound quality cleara lot heating problemcamera quality goodnetwork issueslow processingpoor performance,Negative
28,"Samsung Galaxy M21 (Midnight Blue, 4GB RAM, 64GB Storage)",B07HGJJ559,"
heat
", heating problems,1,heating problems,Negative
29,"Samsung Galaxy M21 (Midnight Blue, 4GB RAM, 64GB Storage)",B07HGJJ559,"
a rebadged m30s
", looks like clear unsold stock m30s gave new name advertised totally new phone everything similar m30s except price selfie camera good thing kept price lowjust got delivered today far good many users compalined battery charging speed display issues m30s hope got resolved m21,4,looks like clear unsold stock m30s gave new name advertised totally new phone everything similar m30s except price selfie camera good thing kept price lowjust got delivered today far good many users compalined battery charging speed display issues m30s hope got resolved m21,Positive
30,"Samsung Galaxy M21 (Midnight Blue, 4GB RAM, 64GB Storage)",B07HGJJ559,"
worst phone century
", worst phone life ever purchase due pandemic situation blaming china corona virus decided purchase korian company phone broke trust battery life poor shows 6000mah performance wise behave like 4000mah bcuz drain quickly processor slow hang 5 minute heat like u make veggie even burn ur ears finger print responding washed hand many time ready recognize finally humble request amazon pls return made big mistake purchase pls help return,1,worst phone life ever purchase due pandemic situation blaming china corona virus decided purchase korian company phone broke trust battery life poor shows 6000mah performance wise behave like 4000mah bcuz drain quickly processor slow hang 5 minute heat like u make veggie even burn ur ears finger print responding washed hand many time ready recognize finally humble request amazon pls return made big mistake purchase pls help return,Negative
31,"Samsung Galaxy M21 (Midnight Blue, 4GB RAM, 64GB Storage)",B07HGJJ559,"
watt monster
", nice looking phonelight weight plastic body performance pretty goodbut doesnt feel like 6000 mah battery probably little shy figure drains relatively quickly expected 6000 mah capacitybut overall product worth price probably good high performance gamingbut expect durable lowmedium usage,4,nice looking phonelight weight plastic body performance pretty goodbut doesnt feel like 6000 mah battery probably little shy figure drains relatively quickly expected 6000 mah capacitybut overall product worth price probably good high performance gamingbut expect durable lowmedium usage,Positive
32,"Samsung Galaxy M21 (Midnight Blue, 4GB RAM, 64GB Storage)",B07HGJJ559,"
phone charger phone battery work well
", samsung co claims samsung m21 fast charging facility 6000 mah battery two claims totally bogus ive purchased samsung m21 received order yesterday using phone plugged charger charging took approximate 9 hours charge mobile phone full charging approximate 2 hours mobile phone battery get reduced 50 im totally disappointed phone,1,samsung co claims samsung m21 fast charging facility 6000 mah battery two claims totally bogus ive purchased samsung m21 received order yesterday using phone plugged charger charging took approximate 9 hours charge mobile phone full charging approximate 2 hours mobile phone battery get reduced 50 im totally disappointed phone,Negative
33,"Samsung Galaxy M21 (Midnight Blue, 4GB RAM, 64GB Storage)",B07HGJJ559,"
not reliable
", dont like product looks already used someone else apps downloading shows 6 appsare downloading im confused,1,dont like product looks already used someone else apps downloading shows 6 appsare downloading im confused,Negative
34,"Samsung Galaxy M21 (Midnight Blue, 4GB RAM, 64GB Storage)",B07HGJJ559,"
the best phone money buy price
", bought raven black 4gb64gb variant samsung galaxy m21 mother im impressed phones overall usability since mother heavy user unlike decided go samsung considering brand value overall specs phone main requirements mom good display media consumption good battery life clean easy use ui without unnecessary ads since galaxy m21 ticks right boxes decided go phone moreover mother using samsung mobile prior hence accustomed functionality uithe display phone brilliant par amoled display redmi k20 prothe battery life also good easily gives 15 days backup even heavy usage complain length charging cable short performance good day day usage exynos 9511 fairly capable havent seen stutter lag ui ahardcore gamer would recommend look alternative since would perform good competition regards gaming casual gamers job wellthe cameras phone brilliant good image processing done samsung takes pictures natural colours speaker output average loud enough sound produced nothing impressive since lacks bass clarity sound output audio output via 35mm jack good supports dolby atmos fingerprint sensor fast face unlock feature consistent sometimes fails read facehence overall great value package samsung would highly recommend phone everyone looking good phone price point unless heshe heavy gamer thanks readingupdate software update 17 june face unlock feature got extremely fast accurate,5,bought raven black 4gb64gb variant samsung galaxy m21 mother im impressed phones overall usability since mother heavy user unlike decided go samsung considering brand value overall specs phone main requirements mom good display media consumption good battery life clean easy use ui without unnecessary ads since galaxy m21 ticks right boxes decided go phone moreover mother using samsung mobile prior hence accustomed functionality uithe display phone brilliant par amoled display redmi k20 prothe battery life also good easily gives 15 days backup even heavy usage complain length charging cable short performance good day day usage exynos 9511 fairly capable havent seen stutter lag ui ahardcore gamer would recommend look alternative since would perform good competition regards gaming casual gamers job wellthe cameras phone brilliant good image processing done samsung takes pictures natural colours speaker output average loud enough sound produced nothing impressive since lacks bass clarity sound output audio output via 35mm jack good supports dolby atmos fingerprint sensor fast face unlock feature consistent sometimes fails read facehence overall great value package samsung would highly recommend phone everyone looking good phone price point unless heshe heavy gamer thanks readingupdate software update 17 june face unlock feature got extremely fast accurate,Positive
35,"Samsung Galaxy M21 (Midnight Blue, 4GB RAM, 64GB Storage)",B07HGJJ559,"
super slow camera big battery worst backup huge charging time poor network antenna
", writing review oneweek use samsung galaxy m21the good point amazing samsung one ui 20 samoled displaythe issues faced are1 super slow camera taking 24 sec capture photo 48 mp camera2 heating issue many time normal using observed heating top backside3 poor network antenna using motorola area receiving better signal latency milliseconds compared galaxy m21 latency signal strength quite low isp4 big battery worst performance battery backup satisfactory little better 3400 mah snapdragon soc based phone additionally taking huge amount time chargingamong issues believe average deal 13k,3,writing review oneweek use samsung galaxy m21the good point amazing samsung one ui 20 samoled displaythe issues faced are1 super slow camera taking 24 sec capture photo 48 mp camera2 heating issue many time normal using observed heating top backside3 poor network antenna using motorola area receiving better signal latency milliseconds compared galaxy m21 latency signal strength quite low isp4 big battery worst performance battery backup satisfactory little better 3400 mah snapdragon soc based phone additionally taking huge amount time chargingamong issues believe average deal 13k,Neutral
36,"Samsung Galaxy M21 (Midnight Blue, 4GB RAM, 64GB Storage)",B07HGJJ559,"
waste money
", amazon delivered defective phone dont even receive call tried approach buying samsung galaxy m21 waste money,1,amazon delivered defective phone dont even receive call tried approach buying samsung galaxy m21 waste money,Negative
37,"Samsung Galaxy M21 (Midnight Blue, 4GB RAM, 64GB Storage)",B07HGJJ559,"
need refund missing mobile
", samsung m21 mobile delivery box charger pin available need refund samefor mobiles better opt cash delivery avoid getting cheated,1,samsung m21 mobile delivery box charger pin available need refund samefor mobiles better opt cash delivery avoid getting cheated,Negative
38,"Samsung Galaxy M21 (Midnight Blue, 4GB RAM, 64GB Storage)",B07HGJJ559,"
never buy electronics amazonfeeling cheated samsung amazon
", 1 bought gift dear one shocked see camera quality phone like 1 mb tried modes enhances photo brightness automatically photo becomes like cartoon2 tried installing camera apps still quality poor3 tried options returning found option that4 spoke customer care say replace product damaged option quality related issues said ready buy product response themits better buy local store going behind amazon,1,1 bought gift dear one shocked see camera quality phone like 1 mb tried modes enhances photo brightness automatically photo becomes like cartoon2 tried installing camera apps still quality poor3 tried options returning found option that4 spoke customer care say replace product damaged option quality related issues said ready buy product response themits better buy local store going behind amazon,Negative
39,"Samsung Galaxy M21 (Midnight Blue, 4GB RAM, 64GB Storage)",B07HGJJ559,"
i would still buy again
", like camera quality screen sensitivity browsing experience speed excellenti dont like sound speaker best sometimes put loud speaker person speaking complain cannot hear plus play music sound best also phone come original earphones hustle lastly take 3 hours charge still battery last 24hours,4,like camera quality screen sensitivity browsing experience speed excellenti dont like sound speaker best sometimes put loud speaker person speaking complain cannot hear plus play music sound best also phone come original earphones hustle lastly take 3 hours charge still battery last 24hours,Positive
40,"Samsung Galaxy M21 (Midnight Blue, 4GB RAM, 64GB Storage)",B07HGJJ559,"
best phone
", realy good phonebut stil getdue covid,5,realy good phonebut stil getdue covid,Positive
41,"Samsung Galaxy M21 (Midnight Blue, 4GB RAM, 64GB Storage)",B07HGJJ559,"
nice phone 
", display good battery performance one week use improvedcamera goodhope samsung provides regular updatesexcellent phone keep good work samsung ,5,display good battery performance one week use improvedcamera goodhope samsung provides regular updatesexcellent phone keep good work samsung,Positive
42,"Samsung Galaxy M21 (Midnight Blue, 4GB RAM, 64GB Storage)",B07HGJJ559,"
yeahits best budget
", strong point force buy phone1 one ui 20 would say samsungs ui best experience ever feel budget phone strongest point youtuber tell ever2 screen none brand offers quality screen phone budget users first priority screen 247 heshe need see screen metter whatever thing using phonecamera daylight shots amazing samsungs phone color contrast image processing better redmi note 9 pro realme 6 rs1300 night shots good brands givebattery 2hrs pubg regular social media usage enjoy phone morning 7am evening 12pmcharging speed slow took 2hrs 30 mins fully chargeperformance doubt exynos 9611 good sd720g heliog90t daily task face lag phonefor pubg gameryou notice lag high resolution gaming want play without lag obviously play smoothultra give best performance without issue,5,strong point force buy phone1 one ui 20 would say samsungs ui best experience ever feel budget phone strongest point youtuber tell ever2 screen none brand offers quality screen phone budget users first priority screen 247 heshe need see screen metter whatever thing using phonecamera daylight shots amazing samsungs phone color contrast image processing better redmi note 9 pro realme 6 rs1300 night shots good brands givebattery 2hrs pubg regular social media usage enjoy phone morning 7am evening 12pmcharging speed slow took 2hrs 30 mins fully chargeperformance doubt exynos 9611 good sd720g heliog90t daily task face lag phonefor pubg gameryou notice lag high resolution gaming want play without lag obviously play smoothultra give best performance without issue,Positive
43,"Samsung Galaxy M21 (Midnight Blue, 4GB RAM, 64GB Storage)",B07HGJJ559,"
dont buy
", say 30 minof recieving phone applied return money phone already 2 phone samsungs working good phone made india hot like oveni cant take near ears use ear phonei call customer care give different different idea problem remain samei dont give advice buy product one careful,1,say 30 minof recieving phone applied return money phone already 2 phone samsungs working good phone made india hot like oveni cant take near ears use ear phonei call customer care give different different idea problem remain samei dont give advice buy product one careful,Negative
44,"Samsung Galaxy M21 (Midnight Blue, 4GB RAM, 64GB Storage)",B07HGJJ559,"
too much heating phone life
", battery drain quickly phone heat lot,1,battery drain quickly phone heat lot,Negative
45,"Samsung Galaxy M21 (Midnight Blue, 4GB RAM, 64GB Storage)",B07HGJJ559,"
not happy purchase
", got phone mic issue option put replacement request tried download blanco app doesnt work hanged technical person available check whenever calledso would place request replacement,1,got phone mic issue option put replacement request tried download blanco app doesnt work hanged technical person available check whenever calledso would place request replacement,Negative
46,"Samsung Galaxy M21 (Midnight Blue, 4GB RAM, 64GB Storage)",B07HGJJ559,"
thinkit buy
", amazing phone satisfied camera quality 48mp used samsung galaxy s8 12mp single camera good m21 tripple cameraone thing back panel plastic good looking inthis range feel premium budget,4,amazing phone satisfied camera quality 48mp used samsung galaxy s8 12mp single camera good m21 tripple cameraone thing back panel plastic good looking inthis range feel premium budget,Positive
47,"Samsung Galaxy M21 (Midnight Blue, 4GB RAM, 64GB Storage)",B07HGJJ559,"
samsung m21 heating up
", recently ordered samsung m21 6gb ram 128gb flashunboxed started phone surprised see much heated booting itselfi tried inform amazon tested remote diagnostics application surprisingly showed temperature degreei using samsung phones long time time experience m21 badnew buyers please little careful heating issue,1,recently ordered samsung m21 6gb ram 128gb flashunboxed started phone surprised see much heated booting itselfi tried inform amazon tested remote diagnostics application surprisingly showed temperature degreei using samsung phones long time time experience m21 badnew buyers please little careful heating issue,Negative
48,"Samsung Galaxy M21 (Midnight Blue, 4GB RAM, 64GB Storage)",B07HGJJ559,"
m21 poor performance
", received samsung 21 yesterdayhighly disappointed slow charging poor quality cameradid expect samsungi suggest buy mobile,1,received samsung 21 yesterdayhighly disappointed slow charging poor quality cameradid expect samsungi suggest buy mobile,Negative
49,"Samsung Galaxy M21 (Midnight Blue, 4GB RAM, 64GB Storage)",B07HGJJ559,"
heasphone miss
", ph headphone missthis scam,1,ph headphone missthis scam,Negative
50,"Samsung Galaxy M21 (Midnight Blue, 4GB RAM, 64GB Storage)",B07HGJJ559,"
whattaphone
", great phone overheating like others say price getting quality phone massive battery lifehere prosgood qualityexcellent displayexcellent batterybest camerahere consspeaker quality good loud distorted high volume bass allheadphone quality ok best prefer wireless dolby atmoscharging speed ok fast slow took 2hrs fully charge fast 6000mahcamera app need redesignaside best phone 15kgo,5,great phone overheating like others say price getting quality phone massive battery lifehere prosgood qualityexcellent displayexcellent batterybest camerahere consspeaker quality good loud distorted high volume bass allheadphone quality ok best prefer wireless dolby atmoscharging speed ok fast slow took 2hrs fully charge fast 6000mahcamera app need redesignaside best phone 15kgo,Positive
51,"Samsung Galaxy M21 (Midnight Blue, 4GB RAM, 64GB Storage)",B07HGJJ559,"
samsung phones signal strength issues
", previously purchased m30s signal strength weak sell phone olx apart signal strength phone awesome used nokia 1 internet superfast using sim card suppose samsung reduces signal strength order reduce sar rating understand sar rating harmful body brain nokia far excellent terms signal strengthsamsung phones excellent terms providing good specifications budget coming phone camera good touch responsiveness excellent wifi calling mentioned comparison websites 91mobiles neither specifications otyer website m21 features comparison m30sm21 gorilla glass m30s lacksm21 android 10 version compared android 9 m30s m30s upgraded android 10 11this phone lacks nfc present a30s a50sbattery 6000 mah nokia phones processor screen size 3500 mh batteries running duration phone 6000 image battery marketing gimmickcharging even using type c fast charger takes 4 hours full charge battery lasts one day heavy usageprossuper amoled screen6000 mah batteryconssignal strength pooryou wait almost year download appsince watch internet tv rely hotspot signal strength order buffer web series movies etc,2,previously purchased m30s signal strength weak sell phone olx apart signal strength phone awesome used nokia 1 internet superfast using sim card suppose samsung reduces signal strength order reduce sar rating understand sar rating harmful body brain nokia far excellent terms signal strengthsamsung phones excellent terms providing good specifications budget coming phone camera good touch responsiveness excellent wifi calling mentioned comparison websites 91mobiles neither specifications otyer website m21 features comparison m30sm21 gorilla glass m30s lacksm21 android 10 version compared android 9 m30s m30s upgraded android 10 11this phone lacks nfc present a30s a50sbattery 6000 mah nokia phones processor screen size 3500 mh batteries running duration phone 6000 image battery marketing gimmickcharging even using type c fast charger takes 4 hours full charge battery lasts one day heavy usageprossuper amoled screen6000 mah batteryconssignal strength pooryou wait almost year download appsince watch internet tv rely hotspot signal strength order buffer web series movies etc,Negative
52,"Samsung Galaxy M21 (Midnight Blue, 4GB RAM, 64GB Storage)",B07HGJJ559,"
push
", good product,5,good product,Positive
53,"Samsung Galaxy M21 (Midnight Blue, 4GB RAM, 64GB Storage)",B07HGJJ559,"
amazing phone
", phone simply amazing raven black model looks gorgeous sturdy camera quality excellent ui user friendly phone similar samsung range phones hard decide model thats best price according analysis m21 good 12699,5,phone simply amazing raven black model looks gorgeous sturdy camera quality excellent ui user friendly phone similar samsung range phones hard decide model thats best price according analysis m21 good 12699,Positive
54,"Samsung Galaxy M21 (Midnight Blue, 4GB RAM, 64GB Storage)",B07HGJJ559,"
really monster phone cost
", cost phone looks premium folks like premium looking phone fancy looking phone best price segment products price bracket consist fancy decorated back may cup tea section people simple plain premium monster battery one best display price segment great finger print sensor decent camera etc non gamer go itonly problem faced delay delivery almost 10 days,5,cost phone looks premium folks like premium looking phone fancy looking phone best price segment products price bracket consist fancy decorated back may cup tea section people simple plain premium monster battery one best display price segment great finger print sensor decent camera etc non gamer go itonly problem faced delay delivery almost 10 days,Positive
55,"Samsung Galaxy M21 (Midnight Blue, 4GB RAM, 64GB Storage)",B07HGJJ559,"
awful service worst phone
", pathetic phone overheating able use worst customer service amazon guys saying blanco app shows heating normal diagnosing awful service worst phone,1,pathetic phone overheating able use worst customer service amazon guys saying blanco app shows heating normal diagnosing awful service worst phone,Negative
56,"Samsung Galaxy M21 (Midnight Blue, 4GB RAM, 64GB Storage)",B07HGJJ559,"
dont buy heating ideal mode
", expected samsung phone heated badlly heated ideal mode started slowly slowly within 510 minutes heated extremely,1,expected samsung phone heated badlly heated ideal mode started slowly slowly within 510 minutes heated extremely,Negative
57,"Samsung Galaxy M21 (Midnight Blue, 4GB RAM, 64GB Storage)",B07HGJJ559,"
received defective phone
", received samsung galaxy 21 defective start even charge please help initiate return,1,received samsung galaxy 21 defective start even charge please help initiate return,Negative
58,"Samsung Galaxy M21 (Midnight Blue, 4GB RAM, 64GB Storage)",B07HGJJ559,"
value money smartphone
", got phone 15th mayi writing review 5 days usage1battery backup good good like 6000mah allalso charging really slow2its samoled screen best price range3 processor powerfuli noticed occasional lags4heating issue detected front camera areasits like overheat something hot5os good network speed meter function present natively6fb app keep refreshing feed minimize open app time7sometimes app crashes without reason8the phone heavy heavy easily notice days usage9at 12699 price dont think phone good isatleast now10it doesnt good lock native screen recorder present os neither sideload themthis unfair think,4,got phone 15th mayi writing review 5 days usage1battery backup good good like 6000mah allalso charging really slow2its samoled screen best price range3 processor powerfuli noticed occasional lags4heating issue detected front camera areasits like overheat something hot5os good network speed meter function present natively6fb app keep refreshing feed minimize open app time7sometimes app crashes without reason8the phone heavy heavy easily notice days usage9at 12699 price dont think phone good isatleast now10it doesnt good lock native screen recorder present os neither sideload themthis unfair think,Positive
59,"Samsung Galaxy M21 (Midnight Blue, 4GB RAM, 64GB Storage)",B07HGJJ559,"
network issues
", mind blowing mobile dear mates dont go network related issues frequently get 3 4 bars network points related 1 2 bars samsung mention community samsung ill tried nothing please think purchase big disappointment samsung m21 check screenshots thats outdoors lan area u go upstairs 1 bar extra showingsame thing checked mobile showing full think issue m21 please release update im dissatisfied samsung actually love design camera,1,mind blowing mobile dear mates dont go network related issues frequently get 3 4 bars network points related 1 2 bars samsung mention community samsung ill tried nothing please think purchase big disappointment samsung m21 check screenshots thats outdoors lan area u go upstairs 1 bar extra showingsame thing checked mobile showing full think issue m21 please release update im dissatisfied samsung actually love design camera,Negative
60,"Samsung Galaxy M21 (Midnight Blue, 4GB RAM, 64GB Storage)",B07HGJJ559,"
super budget phone
", nice rear camera nice selfie camera front camera struggles night sound superb display awesome battery ok fingerprint reader superfast would suggest 6gb variant,5,nice rear camera nice selfie camera front camera struggles night sound superb display awesome battery ok fingerprint reader superfast would suggest 6gb variant,Positive
61,"Samsung Galaxy M21 (Midnight Blue, 4GB RAM, 64GB Storage)",B07HGJJ559,"
best budget phone strongly recommended
", best choose among available choices range using since one week fully impressed features camera quality battery life excellent fingerprint reader fast elegant design wonderful display user interface also good difficulties faced find app lock split screen purposes fulfilled external apps play storei strongly recommend purchasing phone best value money product full satisfied purchase ,5,best choose among available choices range using since one week fully impressed features camera quality battery life excellent fingerprint reader fast elegant design wonderful display user interface also good difficulties faced find app lock split screen purposes fulfilled external apps play storei strongly recommend purchasing phone best value money product full satisfied purchase,Positive
62,"Samsung Galaxy M21 (Midnight Blue, 4GB RAM, 64GB Storage)",B07HGJJ559,"
very acute overheating
", starting phone facing heating problem bought two phone heating ,2,starting phone facing heating problem bought two phone heating,Negative
63,"Samsung Galaxy M21 (Midnight Blue, 4GB RAM, 64GB Storage)",B07HGJJ559,"
bogus
", ski charging bad network connection,1,ski charging bad network connection,Negative
64,"Samsung Galaxy M21 (Midnight Blue, 4GB RAM, 64GB Storage)",B07HGJJ559,"
nice phone bad processor
", using month phone lot impressive features lacks bit punch comes processing powermy usage mostly calling whatsapp video viewing dont use much social media apps much gaming well still phone manages freeze even one app running chrome browser summary observed samsung one ui comes lot annoying advertisement notifications suspect galaxy app hog cpu background privacy huge concern specially discover feature accustomed google news feed swiping right home screen find missing phone phone freezes lot typical workaround lock wait minute unlock works wide angle camera shots really good camera quality nice well battery life great charging every two days instead daily night look finish extraordinary bad well allow restore google backup start headache setting come samsung switch app would install app cannot restore login data like google restoreverdictbuy ok advertisements guess true mi realme etc samsung much heavy usage like gaming etcedit 1phone freeze issue reduced lot removing external sd card browser freeze sometimes frequency lot lesssamung ui misses user friendly smscall blocking select individual message sender details block headache improved,3,using month phone lot impressive features lacks bit punch comes processing powermy usage mostly calling whatsapp video viewing dont use much social media apps much gaming well still phone manages freeze even one app running chrome browser summary observed samsung one ui comes lot annoying advertisement notifications suspect galaxy app hog cpu background privacy huge concern specially discover feature accustomed google news feed swiping right home screen find missing phone phone freezes lot typical workaround lock wait minute unlock works wide angle camera shots really good camera quality nice well battery life great charging every two days instead daily night look finish extraordinary bad well allow restore google backup start headache setting come samsung switch app would install app cannot restore login data like google restoreverdictbuy ok advertisements guess true mi realme etc samsung much heavy usage like gaming etcedit 1phone freeze issue reduced lot removing external sd card browser freeze sometimes frequency lot lesssamung ui misses user friendly smscall blocking select individual message sender details block headache improved,Neutral
65,"Samsung Galaxy M21 (Midnight Blue, 4GB RAM, 64GB Storage)",B07HGJJ559,"
dont buy samsung m21
", dont buy anybodysamsung take advantage india brand price high features quality v low,1,dont buy anybodysamsung take advantage india brand price high features quality v low,Negative
66,"Samsung Galaxy M21 (Midnight Blue, 4GB RAM, 64GB Storage)",B07HGJJ559,"
ur service bad reliable products amezon
", sir l contact amazon care many times regarding complaint samsung galaxy m21 mobilethe issue is1invalid defferent imei number2 different device model no3sensor responding working properly4hanging problem phone5 heating problem phone6not become mobile hotspot settings normal also7screen touch slow response,3,sir l contact amazon care many times regarding complaint samsung galaxy m21 mobilethe issue is1invalid defferent imei number2 different device model no3sensor responding working properly4hanging problem phone5 heating problem phone6not become mobile hotspot settings normal also7screen touch slow response,Neutral
67,"Samsung Galaxy M21 (Midnight Blue, 4GB RAM, 64GB Storage)",B07HGJJ559,"
issues wifi calling battery fingerprint sensor etc
", everyone removing chinese products life hence also planned throw xiaomi gadget start using samsung onwards thought convince friends relatives use samsung gadgets instead xiaomi purchasing samsung galaxy m21 amazon delivered 30052020 whole enthusiasm went trash helpless compare last handset redmi 8 valued rs 7999 compared rs 12699 samsung galaxy m21 dont want compare samsung xiaomi handsets realize xiaomi captured indian market short span time surely quality performance gadgetsi trying amazon customer care since 01062020 unable connect response side serious issues found 23 days using samsung galaxy m21 using wifi calling feature outgoing calls receiving sms gets completely barred using wifi hd call gets stopped whole battery gets drain 67 hours upto 6000 mah handset performance fingerprint sensor weak takes 34 times login dual apps feature limited applications voice recording feature needs improvementplease support getting issue resolved earliest,2,everyone removing chinese products life hence also planned throw xiaomi gadget start using samsung onwards thought convince friends relatives use samsung gadgets instead xiaomi purchasing samsung galaxy m21 amazon delivered 30052020 whole enthusiasm went trash helpless compare last handset redmi 8 valued rs 7999 compared rs 12699 samsung galaxy m21 dont want compare samsung xiaomi handsets realize xiaomi captured indian market short span time surely quality performance gadgetsi trying amazon customer care since 01062020 unable connect response side serious issues found 23 days using samsung galaxy m21 using wifi calling feature outgoing calls receiving sms gets completely barred using wifi hd call gets stopped whole battery gets drain 67 hours upto 6000 mah handset performance fingerprint sensor weak takes 34 times login dual apps feature limited applications voice recording feature needs improvementplease support getting issue resolved earliest,Negative
68,"Samsung Galaxy M21 (Midnight Blue, 4GB RAM, 64GB Storage)",B07HGJJ559,"
best phone range
", everything phone greatbest phone best brand loved nowi enjoying ,5,everything phone greatbest phone best brand loved nowi enjoying,Positive
69,"Samsung Galaxy M21 (Midnight Blue, 4GB RAM, 64GB Storage)",B07HGJJ559,"
disappointing need help
", phone arrived 1st 2days quite good phone worked perfectly 2days started showing sone battery problems battery lasts upto 3 4 hrs accepted phone getting even worse amazon responding seems like lost 13 thousand money help provided means alot coz didnt expected kind trust issue amazon,1,phone arrived 1st 2days quite good phone worked perfectly 2days started showing sone battery problems battery lasts upto 3 4 hrs accepted phone getting even worse amazon responding seems like lost 13 thousand money help provided means alot coz didnt expected kind trust issue amazon,Negative
70,"Samsung Galaxy M21 (Midnight Blue, 4GB RAM, 64GB Storage)",B07HGJJ559,"
amazing definitely
", go details let admit staunch hater samsung android phones specially low mid range first last samsung phone used galaxy core back 2012 absolutely hated promised never buy samsung phone ever ad purchased m21 samsung 8 years 8 years used sony xperia moto g redmi 4 redmi note 7 pro review actually comparison phones beastthe major advantage phone compared moto g brilliant samoled display full hd resolution 720p thank godprocessor optimised phone works like breeze stays cool like unlike redmis dont bother fact snapdragon performance usability much optimised shall never complainbattery backup perfect two day affair normal usage screen time excellent easily go 2 days even streaming web series talking lot phone callsthe thing bothered finger print sensor feather touch one definitely still works pretty good put finger inlt properlyfor good deal 15k would recommend anyone even blind folded,5,go details let admit staunch hater samsung android phones specially low mid range first last samsung phone used galaxy core back 2012 absolutely hated promised never buy samsung phone ever ad purchased m21 samsung 8 years 8 years used sony xperia moto g redmi 4 redmi note 7 pro review actually comparison phones beastthe major advantage phone compared moto g brilliant samoled display full hd resolution 720p thank godprocessor optimised phone works like breeze stays cool like unlike redmis dont bother fact snapdragon performance usability much optimised shall never complainbattery backup perfect two day affair normal usage screen time excellent easily go 2 days even streaming web series talking lot phone callsthe thing bothered finger print sensor feather touch one definitely still works pretty good put finger inlt properlyfor good deal 15k would recommend anyone even blind folded,Positive
71,"Samsung Galaxy M21 (Midnight Blue, 4GB RAM, 64GB Storage)",B07HGJJ559,"
honest review samsung galaxy m21
", samsung galaxy m21 im 4gb ram variant excellent phone price segmentpros1 best display 20k2 great audio quality via headphones jack supports dolby audio obviously gimmick phone high res support hence poweramp would get maximum quality performance loud output loud speaker3 excellent battery life heavy use easily getting sot 8 hours4 great watching movies supports fhd playback ott5 good performance stutters lag noticed usually dont keep 3 apps background use6 games dont lag frame drops moderate graphics even pubg runs great smooth extreme settings7 samsung one ui best next stock android oxygen os stock android big difference except additional features oxygen os also comes android 10 box8 decent camera quality front back9 unlike previous series phones one comes corning gorilla glass 3 havent applied screen protection scratches till now10 multitasking best feature phone pop view mode excellent festures helps play games listening music youtube apps text messages browse web simultaneously large displaycons 1 plastic back easily get scratched avoided using case2 could added 18w fast charging capabilities takes 225hours fully charge 15 20 1003 gamers expect high graphics recommend casual gamers gamers would okay play moderate graphics4 worst camera quality night mode night mode photos totally unusable samsung may fix issue software update work issueconclusiondont know many complaining poor battery life heating issue games totally unplayable complaints dont spread false informationsi havent faced issue even heavy useagebuy phone want allrounder phone ticks every boxesfyilike phones price segment even samsung pushes ads initial setup phone ask would opt recommendations opt wont get ads recommendations,5,samsung galaxy m21 im 4gb ram variant excellent phone price segmentpros1 best display 20k2 great audio quality via headphones jack supports dolby audio obviously gimmick phone high res support hence poweramp would get maximum quality performance loud output loud speaker3 excellent battery life heavy use easily getting sot 8 hours4 great watching movies supports fhd playback ott5 good performance stutters lag noticed usually dont keep 3 apps background use6 games dont lag frame drops moderate graphics even pubg runs great smooth extreme settings7 samsung one ui best next stock android oxygen os stock android big difference except additional features oxygen os also comes android 10 box8 decent camera quality front back9 unlike previous series phones one comes corning gorilla glass 3 havent applied screen protection scratches till now10 multitasking best feature phone pop view mode excellent festures helps play games listening music youtube apps text messages browse web simultaneously large displaycons 1 plastic back easily get scratched avoided using case2 could added 18w fast charging capabilities takes 225hours fully charge 15 20 1003 gamers expect high graphics recommend casual gamers gamers would okay play moderate graphics4 worst camera quality night mode night mode photos totally unusable samsung may fix issue software update work issueconclusiondont know many complaining poor battery life heating issue games totally unplayable complaints dont spread false informationsi havent faced issue even heavy useagebuy phone want allrounder phone ticks every boxesfyilike phones price segment even samsung pushes ads initial setup phone ask would opt recommendations opt wont get ads recommendations,Positive
72,"Samsung Galaxy M21 (Midnight Blue, 4GB RAM, 64GB Storage)",B07HGJJ559,"
replacing item takes much formalities
", battery charging takes much time opted replace much formalities amazon highly disappointed purchasing valuable item amazon technician check report amazon decides whether item replaced value customer words bad experience amazon purchase,1,battery charging takes much time opted replace much formalities amazon highly disappointed purchasing valuable item amazon technician check report amazon decides whether item replaced value customer words bad experience amazon purchase,Negative
73,"Samsung Galaxy M21 (Midnight Blue, 4GB RAM, 64GB Storage)",B07HGJJ559,"
best smartphone price
", believe methe best smartphone buy price range hardcore gammerdont compare cheap chinese products,5,believe methe best smartphone buy price range hardcore gammerdont compare cheap chinese products,Positive
74,"Samsung Galaxy M21 (Midnight Blue, 4GB RAM, 64GB Storage)",B07HGJJ559,"
second review
", second review weeks use far found phone good first review tod battery good feel wrong day almost 10 20 percentage battery drain finishone main problem face search button contacts placed corner small search contact days open contacts searched still remain go way back search,4,second review weeks use far found phone good first review tod battery good feel wrong day almost 10 20 percentage battery drain finishone main problem face search button contacts placed corner small search contact days open contacts searched still remain go way back search,Positive
75,"Samsung Galaxy M21 (Midnight Blue, 4GB RAM, 64GB Storage)",B07HGJJ559,"
this phone use
", usetotaly waste money,1,usetotaly waste money,Negative
76,"Samsung Galaxy M21 (Midnight Blue, 4GB RAM, 64GB Storage)",B07HGJJ559,"
excellent phone
", recieved today1 battery excellent last 2 days average usage2 camera good according price mobile dont expect dslr level clarity good3 phone running without lag gamer havent run game4 network voice clarity excellent havent faced problem5 touch id respsonsivei would say price segment phone comes excellent qualities,5,recieved today1 battery excellent last 2 days average usage2 camera good according price mobile dont expect dslr level clarity good3 phone running without lag gamer havent run game4 network voice clarity excellent havent faced problem5 touch id respsonsivei would say price segment phone comes excellent qualities,Positive
77,"Samsung Galaxy M21 (Midnight Blue, 4GB RAM, 64GB Storage)",B07HGJJ559,"
loved it
", one product big battery life large display back camera awesome beautiful colours best thing like samsung user friendly first android samsun new one excited abt using new watta monster 6000 battery life 48mp camera,5,one product big battery life large display back camera awesome beautiful colours best thing like samsung user friendly first android samsun new one excited abt using new watta monster 6000 battery life 48mp camera,Positive
78,"Samsung Galaxy M21 (Midnight Blue, 4GB RAM, 64GB Storage)",B07HGJJ559,"
best phone samsung 14k
", best phone 14k price wont buy brands best good things 6000 mah monster battery best display samsung super amoled display 15 watt fast changing decent camera quality one ui brand value service dolby atmos bad things old processor 9611 moderate gaming plastic back little bit thick professional gamer want gift parents go,5,best phone 14k price wont buy brands best good things 6000 mah monster battery best display samsung super amoled display 15 watt fast changing decent camera quality one ui brand value service dolby atmos bad things old processor 9611 moderate gaming plastic back little bit thick professional gamer want gift parents go,Positive
79,"Samsung Galaxy M21 (Midnight Blue, 4GB RAM, 64GB Storage)",B07HGJJ559,"
dont buy mobile mobile making fool customer
", cheapest qaulity phone dumped days uses dont buy mobile amazons fooling customer charging issue display issued snapshot attached hanging problem wasetage money pathetic service waiting return pickup last twodays snap shot attached reference guys dont buy phone,1,cheapest qaulity phone dumped days uses dont buy mobile amazons fooling customer charging issue display issued snapshot attached hanging problem wasetage money pathetic service waiting return pickup last twodays snap shot attached reference guys dont buy phone,Negative
80,"Samsung Galaxy M21 (Midnight Blue, 4GB RAM, 64GB Storage)",B07HGJJ559,"
good normal use
", buy play heavy gamesi tested multitasking worked even better good gaming phonesitsmultitaskingall memory management pretty well one thing say amazon deleted last review coz bit amazon hope one wont deletedbut everything told phone true,2,buy play heavy gamesi tested multitasking worked even better good gaming phonesitsmultitaskingall memory management pretty well one thing say amazon deleted last review coz bit amazon hope one wont deletedbut everything told phone true,Negative
81,"Samsung Galaxy M21 (Midnight Blue, 4GB RAM, 64GB Storage)",B07HGJJ559,"
dont buy purchase professional use
", writing review 20 days use1really lots network issues dont ignore point mobile network wifi network2wifi calling feature working properly3if save new numbers phone showing contact details showing whats app number4 times calling get directly disabled u need restart mobilei playing heavy gaming cant tell thatbut u want buy mobile heavy call suggestion dont buybecause frustrated due mobile network issuebattery performance excellenti much money buy another phone adjusting phonei purchase phone 3 years exchange offer missing old phonesamsung launches lots new mobiles attract indian customers working bugsrequest samsung dont broke indian customers trustother wise u r company also seat nokia rowvery disappointed writing review professional middle class peopletime pass ke liye college professional house wife ideal people ke liye ye phone best hai,1,writing review 20 days use1really lots network issues dont ignore point mobile network wifi network2wifi calling feature working properly3if save new numbers phone showing contact details showing whats app number4 times calling get directly disabled u need restart mobilei playing heavy gaming cant tell thatbut u want buy mobile heavy call suggestion dont buybecause frustrated due mobile network issuebattery performance excellenti much money buy another phone adjusting phonei purchase phone 3 years exchange offer missing old phonesamsung launches lots new mobiles attract indian customers working bugsrequest samsung dont broke indian customers trustother wise u r company also seat nokia rowvery disappointed writing review professional middle class peopletime pass ke liye college professional house wife ideal people ke liye ye phone best hai,Negative
82,"Samsung Galaxy M21 (Midnight Blue, 4GB RAM, 64GB Storage)",B07HGJJ559,"
monstrous every aspects
", let straightforward passionate photographer looking budget smartphone nice camera good specs purchasing samsungs m21 found monstrous every aspects budget smartphone monstrous battery life amazing camera nice ram management clean one ui 20 tons perksif looking monstor budget smartphone reliable reputed trustworthy brand without wasting time go one ,5,let straightforward passionate photographer looking budget smartphone nice camera good specs purchasing samsungs m21 found monstrous every aspects budget smartphone monstrous battery life amazing camera nice ram management clean one ui 20 tons perksif looking monstor budget smartphone reliable reputed trustworthy brand without wasting time go one,Positive
83,"Samsung Galaxy M21 (Midnight Blue, 4GB RAM, 64GB Storage)",B07HGJJ559,"
awesome
", best budget phonereally awesome recommend everyone buy mobile less 15k marginbattery excellentfingerprint sensor fastcamera ultimate,5,best budget phonereally awesome recommend everyone buy mobile less 15k marginbattery excellentfingerprint sensor fastcamera ultimate,Positive
84,"Samsung Galaxy M21 (Midnight Blue, 4GB RAM, 64GB Storage)",B07HGJJ559,"
too early rate bitter experience product already
", guess problem seller product seller delivered used product loads defects camera functioning torch functioning could defects checking item moment delivered encountered two defects upon unboxing found phone tempered glass already fitted initially overlooked later realized someone purchased invested glass may used couple days defects finally rejecting think m21 product fine upon seller tried strike deal troubled times beware seller,3,guess problem seller product seller delivered used product loads defects camera functioning torch functioning could defects checking item moment delivered encountered two defects upon unboxing found phone tempered glass already fitted initially overlooked later realized someone purchased invested glass may used couple days defects finally rejecting think m21 product fine upon seller tried strike deal troubled times beware seller,Neutral
85,"Samsung Galaxy M21 (Midnight Blue, 4GB RAM, 64GB Storage)",B07HGJJ559,"
camera quality much
", camera quality much expect rear selfy camera pic quality missed battery life max 18hours used data report 3days usage,3,camera quality much expect rear selfy camera pic quality missed battery life max 18hours used data report 3days usage,Neutral
86,"Samsung Galaxy M21 (Midnight Blue, 4GB RAM, 64GB Storage)",B07HGJJ559,"
worst charging experience
", worst product takes much time chargehow person charge al10 hrs fully charge batteryits insane able replace itemamazon must liable product,1,worst product takes much time chargehow person charge al10 hrs fully charge batteryits insane able replace itemamazon must liable product,Negative
87,"Samsung Galaxy M21 (Midnight Blue, 4GB RAM, 64GB Storage)",B07HGJJ559,"
one month use waste phone samsung
", nonsense phone battery performance disappointed 4000 mah better battery 12 battery losing nightmorning heating another important issue playing games hard use phone heats high display quality good dont phone considering battery use charging time high redimi note 9 pro 100 better phone realme nazro 10 performes 2better dont go phone aware,1,nonsense phone battery performance disappointed 4000 mah better battery 12 battery losing nightmorning heating another important issue playing games hard use phone heats high display quality good dont phone considering battery use charging time high redimi note 9 pro 100 better phone realme nazro 10 performes 2better dont go phone aware,Negative
88,"Samsung Galaxy M21 (Midnight Blue, 4GB RAM, 64GB Storage)",B07HGJJ559,"
average
", hello guys ordered phone almost 10 days get phone hand first phone gorgeous display one major issue need highlight phone serious network issue also shown issue nearest samsung service centre even cant help guys bad network average network home workplace phone,2,hello guys ordered phone almost 10 days get phone hand first phone gorgeous display one major issue need highlight phone serious network issue also shown issue nearest samsung service centre even cant help guys bad network average network home workplace phone,Negative
89,"Samsung Galaxy M21 (Midnight Blue, 4GB RAM, 64GB Storage)",B07HGJJ559,"
one best phone normal users 
", galaxy m21 reviewfirst similar device galaxy m30s galaxy a50s galaxy a51 terms internal cant tell difference galaxy m30s m21 looking differences two devices lotgooddisplay main feature phone full hd super amoled display 14000 rupees phone rear differentiating feature device include lots feature always true notch hiding batterysaving features doesnt onscreen fingerprint sensor frankly speaking good thing samsungs inscreen fingerprint sensor bad really bad bad prefer use fingerprint also swipe gestures notifications work time unlike indisplay fingerprint sensorsoftware software also really good neat feature like systemwide dark mode saves battery amoled screens clean well thought layout onehanded use good great box launcher customizations unlike chinese oems software hex installer good lock absent big bummer customization freaks overall nicer ui chinese ones one thing also supports android 10s stock navigation gestures heck lot better miuisbattery full day battery comfortably necessary sensors autobrightness vibration disabled box reason samsung thinks fool 6000 mah battery type capacity would provide another phone juice little longer phone doescamera strange camera default camera app shoots saturated photo video good honestly quite good price day light nights phone falls apart easily wide angle camera fixed focus good thing bad thing dont know use occasionally surprised see ar doodle ar emoji present camera app nice bonusbad desired thingbuilt quality plastic back plastic frame means plastic phone plastics quirks like despite 6000 mah battery feels light relatively thin ergonomic plastic plastic materials prone scratched durable glass tap back around camera creates hollow sound built quality par competitionperformance performance leaves bit desired handles everyday stuff like whatsapp instagram productivity apps quite smoothly games fall flat front competition 4gb variant 2gb memory occupied system already ram management issue device stupid battery optimization killing thirdparty apps background like music app suddenly stops playing song 1 hrs disable battery optimization setting app use background timebloat ads microsoft suits preloaded careful set device start dont select option ad recommendation option even galaxy apps constantly send spammy notificationso worth 14000 use case yes heavy user dont play heavy games phone heavy users lots better offerings online market,4,galaxy m21 reviewfirst similar device galaxy m30s galaxy a50s galaxy a51 terms internal cant tell difference galaxy m30s m21 looking differences two devices lotgooddisplay main feature phone full hd super amoled display 14000 rupees phone rear differentiating feature device include lots feature always true notch hiding batterysaving features doesnt onscreen fingerprint sensor frankly speaking good thing samsungs inscreen fingerprint sensor bad really bad bad prefer use fingerprint also swipe gestures notifications work time unlike indisplay fingerprint sensorsoftware software also really good neat feature like systemwide dark mode saves battery amoled screens clean well thought layout onehanded use good great box launcher customizations unlike chinese oems software hex installer good lock absent big bummer customization freaks overall nicer ui chinese ones one thing also supports android 10s stock navigation gestures heck lot better miuisbattery full day battery comfortably necessary sensors autobrightness vibration disabled box reason samsung thinks fool 6000 mah battery type capacity would provide another phone juice little longer phone doescamera strange camera default camera app shoots saturated photo video good honestly quite good price day light nights phone falls apart easily wide angle camera fixed focus good thing bad thing dont know use occasionally surprised see ar doodle ar emoji present camera app nice bonusbad desired thingbuilt quality plastic back plastic frame means plastic phone plastics quirks like despite 6000 mah battery feels light relatively thin ergonomic plastic plastic materials prone scratched durable glass tap back around camera creates hollow sound built quality par competitionperformance performance leaves bit desired handles everyday stuff like whatsapp instagram productivity apps quite smoothly games fall flat front competition 4gb variant 2gb memory occupied system already ram management issue device stupid battery optimization killing thirdparty apps background like music app suddenly stops playing song 1 hrs disable battery optimization setting app use background timebloat ads microsoft suits preloaded careful set device start dont select option ad recommendation option even galaxy apps constantly send spammy notificationso worth 14000 use case yes heavy user dont play heavy games phone heavy users lots better offerings online market,Positive
90,"Samsung Galaxy M21 (Midnight Blue, 4GB RAM, 64GB Storage)",B07HGJJ559,"
app lock available
", display good sound quality ring volume good important features like app lock missing phone download third party app encrypt app disappointed ring volume low limited ringtones user interface good even user friendly headphones back cover screen guard dear samsung need research field otherwise eliminated bad experience,1,display good sound quality ring volume good important features like app lock missing phone download third party app encrypt app disappointed ring volume low limited ringtones user interface good even user friendly headphones back cover screen guard dear samsung need research field otherwise eliminated bad experience,Negative
91,"Samsung Galaxy M21 (Midnight Blue, 4GB RAM, 64GB Storage)",B07HGJJ559,"
samsung sucks 
", kind request everyone looking device dont buy unless live area network strength strongnetwork fluctuating time hardly get 4g forgot volte main issue camera 11 days saw dust inside camera lens dust brand new phone amazon customer care told 10 days dont care anything talk samsung customer care samsung care says go nearest service centerservice center vale says submit phone see aatmnirbhar ke chakkar apna chutiya mat katva lena bhaiyo although battery good display premium,1,kind request everyone looking device dont buy unless live area network strength strongnetwork fluctuating time hardly get 4g forgot volte main issue camera 11 days saw dust inside camera lens dust brand new phone amazon customer care told 10 days dont care anything talk samsung customer care samsung care says go nearest service centerservice center vale says submit phone see aatmnirbhar ke chakkar apna chutiya mat katva lena bhaiyo although battery good display premium,Negative
92,"Samsung Galaxy M21 (Midnight Blue, 4GB RAM, 64GB Storage)",B07HGJJ559,"
wise choice rounder smartphone heartful review vera level phone
", wonder samsung used loved smartphone brand world first samsung phone exchanged previous damaged phone online 2kafter spending one whole month researching best phone 15k finally got figured chose galaxy m21 youtube videos comments helped take wise choice got deal 4gb 64gb rs13500 got delivered 6 daysplenty reasons chose m21will honour country heroesmonster batterygreat display feels like also present movietrust samsung brand namebetter cameralesser weight boon long time gamerspolycarbonate back safe dropspremium look rather fancy nancy cheap plastic bodytype c chargerthe processor debateto wonder play pubg smoothlythe honest answer yes pls take third opinions claim exynos processor lame false claim knowledge cant say bad awesome definitely decent play smoothextreme balancedultra without issue even full heavy usage 12 hours continiously battery sufficient fast charging works easily charge every night going sleep turn middle nightsuper tips common problems phonesupdate os avoid heating restart issue happens m21 even 60k phonesnever use phone cleaner battery saver app use inbuilt power saving optionturn bluetooth location etc neededdont charge even reaching 100close apps needed especially close playing game also enable gaming modeuninstall least used appswhoever reads comment trust click amazon buy button without fear one perfectish smartphone 15k categoryfriends phone feels like hold jewel hand ,5,wonder samsung used loved smartphone brand world first samsung phone exchanged previous damaged phone online 2kafter spending one whole month researching best phone 15k finally got figured chose galaxy m21 youtube videos comments helped take wise choice got deal 4gb 64gb rs13500 got delivered 6 daysplenty reasons chose m21will honour country heroesmonster batterygreat display feels like also present movietrust samsung brand namebetter cameralesser weight boon long time gamerspolycarbonate back safe dropspremium look rather fancy nancy cheap plastic bodytype c chargerthe processor debateto wonder play pubg smoothlythe honest answer yes pls take third opinions claim exynos processor lame false claim knowledge cant say bad awesome definitely decent play smoothextreme balancedultra without issue even full heavy usage 12 hours continiously battery sufficient fast charging works easily charge every night going sleep turn middle nightsuper tips common problems phonesupdate os avoid heating restart issue happens m21 even 60k phonesnever use phone cleaner battery saver app use inbuilt power saving optionturn bluetooth location etc neededdont charge even reaching 100close apps needed especially close playing game also enable gaming modeuninstall least used appswhoever reads comment trust click amazon buy button without fear one perfectish smartphone 15k categoryfriends phone feels like hold jewel hand,Positive
93,"Samsung Galaxy M21 (Midnight Blue, 4GB RAM, 64GB Storage)",B07HGJJ559,"
awesome phone price pubg lovers
", doubt loving samsung 21 464 ordered 25th may got delivered 27th may one thing consider smartphone excels display camera quality battery lifeprocessor powerful even close sd 675 terms gaming use gfx tool lowering resolution less hd graphics stuff low fps set ultra40fps applying gfx tools settings play pubg hell lot better stable 3040 fps dont try extremefps unstable stock pubg settings facing tremendous lags stutters fps drops even lobby cant say 6128 gb model didnt try cod usually dont play pubg lite plays fine smooth extreme option verdict u much gaming play clash clans adjust settings pubg go ahead buy pubg top priority go vivo u20realme 6redmi note 9,4,doubt loving samsung 21 464 ordered 25th may got delivered 27th may one thing consider smartphone excels display camera quality battery lifeprocessor powerful even close sd 675 terms gaming use gfx tool lowering resolution less hd graphics stuff low fps set ultra40fps applying gfx tools settings play pubg hell lot better stable 3040 fps dont try extremefps unstable stock pubg settings facing tremendous lags stutters fps drops even lobby cant say 6128 gb model didnt try cod usually dont play pubg lite plays fine smooth extreme option verdict u much gaming play clash clans adjust settings pubg go ahead buy pubg top priority go vivo u20realme 6redmi note 9,Positive
94,"Samsung Galaxy M21 (Midnight Blue, 4GB RAM, 64GB Storage)",B07HGJJ559,"
a must phone 15k
", review 6gb128gb varient review one month usepros really amazing phone peformance wise smooth like iphone battery last three days even wifi bluetoooth connected almost 10 hours day high end games running without lag dual speakers music plays loud heating issue depth camera really cute must experience believe corrila glass part perfectly scraches even rough one month usage screen resolution amazing super amoled really superb finger print senson fast even less secondcons apart depth camera cameras upto mark ok unprofessional use recommended selife freakouts phone little heavey due 6000 mah,5,review 6gb128gb varient review one month usepros really amazing phone peformance wise smooth like iphone battery last three days even wifi bluetoooth connected almost 10 hours day high end games running without lag dual speakers music plays loud heating issue depth camera really cute must experience believe corrila glass part perfectly scraches even rough one month usage screen resolution amazing super amoled really superb finger print senson fast even less secondcons apart depth camera cameras upto mark ok unprofessional use recommended selife freakouts phone little heavey due 6000 mah,Positive
95,"Samsung Galaxy M21 (Midnight Blue, 4GB RAM, 64GB Storage)",B07HGJJ559,"
best mid range smartphone planet earth
", still using old galaxy phones like galaxy j2 think galaxy m21 would make logical sensesamsung galaxy m21 although phone excels many fronts two favorite features remain battery life quality displaya months back samsung successfully made bigbattery smartphones accessible mseries midrange tough segment crack competition likes xiaomi realme samsung knows critical segment right given current situation consumers pricesensitive ever uncertain times new galaxy m21 makes lot sense heres closer look like use galaxy m21 past weeksamsung galaxy m21 specifications 64inch fhd samoled displayexynos 9611 processor 4gb6gb ram 64gb128gb storage48mp main camera5mp depth 8mp ultra wide angle6000mah batery20mp front camera188grams 89mm thickandroid 10 oneui 20samsung doesnt try different galaxy m21 thats fine let clear dont many things say galaxy m21 phone looks exactly like galaxy m31 galaxy m21 polycarbonate back like galaxy m31 people may find interesting never felt like using cheap plastic phonefor phone 6000mah battery design build seem perfect also liked fact phone doesnt feel heavy bulky considering massive battery inside device however feel galaxy mseries phones become bit dull terms design frank none matters user coming galaxy jseries older generation samsung phonealthough phone excels many fronts two favorite features remain battery life quality display 6000mah battery galaxy m21 goes managed last one half days standard usage pattern includes browsing web listening spotify emails checking facebook twitter light gaming since phones battery lasts long dont want worry taking charger quickcharge charger fills phones battery minutesanother aspect m21 liked display big phone 64inch full hd display since phone uses amoled display contrast level great black levels absolute even though lot midrange phones days offer amoled displays ones made samsung better displays somehow found screen absolutely fine reading ebooks watching youtube web browsing way small ushaped notch doesnt annoy anymore annoy lot beginning soon becomes part sceneryspeaking performance galaxy m21 powered exynos 9611 chipset find galaxy m31 samsung used processor many midrange phones going testing chipset gets job done able open popular apps like facebook twitter tiktok device without issues dont try run many heavy games could slow performance phone runs android 10 samsung done good job oneui 20 review unit 4gb ram 64gb storageyou wont get great camera system thats one area think phone falls flat get 48mp primary camera sensor alongside 8mp ultrawide camera 5mp depth camera 48mp main sensor hit miss sometimes photos look great times photos come focus thats say camera bad consistent galaxy m21 takes bright shots cases images lack richness even though phone lets take ultrawide angle shots bokeh shots wasnt impressed comparison galaxy m31 galaxy m21 pales camera department change though galaxy m21s 20mp frontcamera surprisingly worked well indoors outdoorsthe galaxy m21 performs similarly galaxy m31 mean phones 6000mah battery identical processors displays even design galaxy m21 noticeably lacks however camera thats par galaxy m31 still theres lot love galaxy m21 still using old galaxy phones like galaxy j2 think galaxy m21 would make logical sense,5,still using old galaxy phones like galaxy j2 think galaxy m21 would make logical sensesamsung galaxy m21 although phone excels many fronts two favorite features remain battery life quality displaya months back samsung successfully made bigbattery smartphones accessible mseries midrange tough segment crack competition likes xiaomi realme samsung knows critical segment right given current situation consumers pricesensitive ever uncertain times new galaxy m21 makes lot sense heres closer look like use galaxy m21 past weeksamsung galaxy m21 specifications 64inch fhd samoled displayexynos 9611 processor 4gb6gb ram 64gb128gb storage48mp main camera5mp depth 8mp ultra wide angle6000mah batery20mp front camera188grams 89mm thickandroid 10 oneui 20samsung doesnt try different galaxy m21 thats fine let clear dont many things say galaxy m21 phone looks exactly like galaxy m31 galaxy m21 polycarbonate back like galaxy m31 people may find interesting never felt like using cheap plastic phonefor phone 6000mah battery design build seem perfect also liked fact phone doesnt feel heavy bulky considering massive battery inside device however feel galaxy mseries phones become bit dull terms design frank none matters user coming galaxy jseries older generation samsung phonealthough phone excels many fronts two favorite features remain battery life quality display 6000mah battery galaxy m21 goes managed last one half days standard usage pattern includes browsing web listening spotify emails checking facebook twitter light gaming since phones battery lasts long dont want worry taking charger quickcharge charger fills phones battery minutesanother aspect m21 liked display big phone 64inch full hd display since phone uses amoled display contrast level great black levels absolute even though lot midrange phones days offer amoled displays ones made samsung better displays somehow found screen absolutely fine reading ebooks watching youtube web browsing way small ushaped notch doesnt annoy anymore annoy lot beginning soon becomes part sceneryspeaking performance galaxy m21 powered exynos 9611 chipset find galaxy m31 samsung used processor many midrange phones going testing chipset gets job done able open popular apps like facebook twitter tiktok device without issues dont try run many heavy games could slow performance phone runs android 10 samsung done good job oneui 20 review unit 4gb ram 64gb storageyou wont get great camera system thats one area think phone falls flat get 48mp primary camera sensor alongside 8mp ultrawide camera 5mp depth camera 48mp main sensor hit miss sometimes photos look great times photos come focus thats say camera bad consistent galaxy m21 takes bright shots cases images lack richness even though phone lets take ultrawide angle shots bokeh shots wasnt impressed comparison galaxy m31 galaxy m21 pales camera department change though galaxy m21s 20mp frontcamera surprisingly worked well indoors outdoorsthe galaxy m21 performs similarly galaxy m31 mean phones 6000mah battery identical processors displays even design galaxy m21 noticeably lacks however camera thats par galaxy m31 still theres lot love galaxy m21 still using old galaxy phones like galaxy j2 think galaxy m21 would make logical sense,Positive
96,"Samsung Galaxy M21 (Midnight Blue, 4GB RAM, 64GB Storage)",B07HGJJ559,"
give 3 stars average phone price
", camera quality average slow fingerprint battery little bit better 13 77 230 hrs charging,3,camera quality average slow fingerprint battery little bit better 13 77 230 hrs charging,Neutral
97,"Samsung Galaxy M21 (Midnight Blue, 4GB RAM, 64GB Storage)",B07HGJJ559,"
good product bad service
", order mobile amazonfirst 1month experience greatgood quality camerabest batteryaverage fingerprintbut 1 month mobile give charging problemmobile cant chargewhen call help amazon says go samsung care one help product damagejust harrssing us dont buy amazon,3,order mobile amazonfirst 1month experience greatgood quality camerabest batteryaverage fingerprintbut 1 month mobile give charging problemmobile cant chargewhen call help amazon says go samsung care one help product damagejust harrssing us dont buy amazon,Neutral
98,"Samsung Galaxy M21 (Midnight Blue, 4GB RAM, 64GB Storage)",B07HGJJ559,"
super mobile
", super colour blue,5,super colour blue,Positive
99,"Samsung Galaxy M21 (Midnight Blue, 4GB RAM, 64GB Storage)",B07HGJJ559,"
value money bad camera
", course battery display awesomethe charger soo fast okay decent performance dissappointed camera upto mark 48megapixel photo quality achhi nhi lgi doesnt capture details even good night low light photography video focus worst,3,course battery display awesomethe charger soo fast okay decent performance dissappointed camera upto mark 48megapixel photo quality achhi nhi lgi doesnt capture details even good night low light photography video focus worst,Neutral
300,"Samsung Galaxy M01 Core (Black, 2GB RAM, 32GB Storage) with No Cost EMI/Additional Exchange Offers",B089MQ622N,"
samsunghitsbullseye
", thank samsung amazon timely rakshabandhan deliverynow readers review unbiased written testing continuous usage pros1screen ppi great entry level device2battery backup awesome thanks samsungs rd even 7mamp charger3android go version 10 cute without craps4reading pdfs easy comfort eyes atleast samsung guts say truth5no lag till dont need gaming regular even without go apps nicely running6fingerprint face lock dont need good provided7call quality okayspeaker normal8for music lovers dowload music app equilizer fine916gb32gb sd card okay10auto smart memory cleaneruse smart manager settings day smooth ram functioning rom cleaning11 supports otg wellcons1 camera average still expected samsung work front wanna beat chinese phones2not gamers thats expected buy 4gb ram based phone reading me3finger print face lock missing manage indians cant4battery takes 315 hours charge work 12 hours calling surfing thats bad issue chinese phone lovers habit charging play pubgoverall 5camera2 gui4 screen ppi5 speed4 android4dont buy phone specifications must see integration longevity overall nice secondary option primary featured phone switchers,4,thank samsung amazon timely rakshabandhan deliverynow readers review unbiased written testing continuous usage pros1screen ppi great entry level device2battery backup awesome thanks samsungs rd even 7mamp charger3android go version 10 cute without craps4reading pdfs easy comfort eyes atleast samsung guts say truth5no lag till dont need gaming regular even without go apps nicely running6fingerprint face lock dont need good provided7call quality okayspeaker normal8for music lovers dowload music app equilizer fine916gb32gb sd card okay10auto smart memory cleaneruse smart manager settings day smooth ram functioning rom cleaning11 supports otg wellcons1 camera average still expected samsung work front wanna beat chinese phones2not gamers thats expected buy 4gb ram based phone reading me3finger print face lock missing manage indians cant4battery takes 315 hours charge work 12 hours calling surfing thats bad issue chinese phone lovers habit charging play pubgoverall 5camera2 gui4 screen ppi5 speed4 android4dont buy phone specifications must see integration longevity overall nice secondary option primary featured phone switchers,Positive
301,"Samsung Galaxy M01 Core (Black, 2GB RAM, 32GB Storage) with No Cost EMI/Additional Exchange Offers",B089MQ622N,"
best smartphone 5500
", smooth ui latest series battery good 3000mahit dark modeapps run smoothlycamera averagebest secondary phoneapps go versionwifi calling feature,5,smooth ui latest series battery good 3000mahit dark modeapps run smoothlycamera averagebest secondary phoneapps go versionwifi calling feature,Positive
302,"Samsung Galaxy M01 Core (Black, 2GB RAM, 32GB Storage) with No Cost EMI/Additional Exchange Offers",B089MQ622N,"
sell product
", free cost taken phone show friends whatsapp facebook phone budget phone full specification sell samsung smartphones,5,free cost taken phone show friends whatsapp facebook phone budget phone full specification sell samsung smartphones,Positive
303,"Samsung Galaxy M01 Core (Black, 2GB RAM, 32GB Storage) with No Cost EMI/Additional Exchange Offers",B089MQ622N,"
dont buy phone
", working pls dont buy phone listen carefully august 14th 2020 bought today 23082020 working couldnt even switch mobile samsung galaxy m01 mobile mobile worth today came amazon return replacement cheater closed return window yesterday cunning even ten days since bought cheaters closed working even call toll free numbers one responses,1,working pls dont buy phone listen carefully august 14th 2020 bought today 23082020 working couldnt even switch mobile samsung galaxy m01 mobile mobile worth today came amazon return replacement cheater closed return window yesterday cunning even ten days since bought cheaters closed working even call toll free numbers one responses,Negative
304,"Samsung Galaxy M01 Core (Black, 2GB RAM, 32GB Storage) with No Cost EMI/Additional Exchange Offers",B089MQ622N,"
phone went dead within 10 minutes delivery
", phone suddenly went completely dead within 10 minutes switching receiving asked return delivery boy didnt take return phone dead request return waiting see happens take shop dealer purchased online,1,phone suddenly went completely dead within 10 minutes switching receiving asked return delivery boy didnt take return phone dead request return waiting see happens take shop dealer purchased online,Negative
305,"Samsung Galaxy M01 Core (Black, 2GB RAM, 32GB Storage) with No Cost EMI/Additional Exchange Offers",B089MQ622N,"
very good smart phone
", using 45 days suddenly without notice phone shutdown automatically couldnt restart contact amazon replacing get quick response end book time slot verify technician hours later found start guide send samsung restart stops working hanged pressing power volume key simultaneously seven seconds fault end samsung company suppose mention process front page bold letter reviews get 1 star facing problems like mine using one month want add extra points impressed me1 sound quality graphics good2 smooth touch sensitivity3 ringtones much louder4two volte nano sim work fine together5battery backup good charging time lengthy6any sim switched manually impressed me7 2gb ram 32 gb storage better option budget friendly people8 faced hanging problem one day till easily solved pressing volume key power key simultaneously 7 seconds more8 lastly mobile made india like one go amazon agents really helpful experienced,4,using 45 days suddenly without notice phone shutdown automatically couldnt restart contact amazon replacing get quick response end book time slot verify technician hours later found start guide send samsung restart stops working hanged pressing power volume key simultaneously seven seconds fault end samsung company suppose mention process front page bold letter reviews get 1 star facing problems like mine using one month want add extra points impressed me1 sound quality graphics good2 smooth touch sensitivity3 ringtones much louder4two volte nano sim work fine together5battery backup good charging time lengthy6any sim switched manually impressed me7 2gb ram 32 gb storage better option budget friendly people8 faced hanging problem one day till easily solved pressing volume key power key simultaneously 7 seconds more8 lastly mobile made india like one go amazon agents really helpful experienced,Positive
306,"Samsung Galaxy M01 Core (Black, 2GB RAM, 32GB Storage) with No Cost EMI/Additional Exchange Offers",B089MQ622N,"
samsung galaxy m01 core blue 2gb ram 32gba cute phone latest android 10 crisp display
", thanks amazon delivering product mentioned product description well packed deliveredby way special thanks samsung stepping indias needs introducing new line phones taking chinese incursions indian mobile phone marketwe ordered samsung galaxy m01 core blue 2gb ram 32gb storage thrown away chinese phone salomi 100 apps preinstalled without information heating phone draining battery tough times using salomi phone good better phone good company samsung happy little cute phonesamsung galaxy m01 core blue 2gb ram 32gb storage small enough keep pockets latest android 10 os good display latest version apps lite mode means need loaded given instead loading forever wasting precious data good camera samsung reliability known crisp camera displayswhat else needed phone thanks samsung bringing new affordable range latest android 10 osway go samsung surely indians support samsung make no1 company replacing chinese mobile companies india,5,thanks amazon delivering product mentioned product description well packed deliveredby way special thanks samsung stepping indias needs introducing new line phones taking chinese incursions indian mobile phone marketwe ordered samsung galaxy m01 core blue 2gb ram 32gb storage thrown away chinese phone salomi 100 apps preinstalled without information heating phone draining battery tough times using salomi phone good better phone good company samsung happy little cute phonesamsung galaxy m01 core blue 2gb ram 32gb storage small enough keep pockets latest android 10 os good display latest version apps lite mode means need loaded given instead loading forever wasting precious data good camera samsung reliability known crisp camera displayswhat else needed phone thanks samsung bringing new affordable range latest android 10 osway go samsung surely indians support samsung make no1 company replacing chinese mobile companies india,Positive
307,"Samsung Galaxy M01 Core (Black, 2GB RAM, 32GB Storage) with No Cost EMI/Additional Exchange Offers",B089MQ622N,"
dont expect much
", badcan suggest mbl normal users charging speed much disappointed taking lot time charge basic charger type even usb cablethis suits parents youngsters gamers etc,3,badcan suggest mbl normal users charging speed much disappointed taking lot time charge basic charger type even usb cablethis suits parents youngsters gamers etc,Neutral
308,"Samsung Galaxy M01 Core (Black, 2GB RAM, 32GB Storage) with No Cost EMI/Additional Exchange Offers",B089MQ622N,"
go phone u dont want regret wasting ur money
", writing review usage 15 days one worst phones samsung made multiple issues friend purchased phone aunts facing issues main issue facing phone switched 2 days back since trying switch leading nowhere neither charging phone heats charging well normal usage conditions charging phone heats extent one may feel could blast friend also faced phone issue resolved automatically 2 days connected fast carger phone facing heating issue phone still switches able regret wastage money,1,writing review usage 15 days one worst phones samsung made multiple issues friend purchased phone aunts facing issues main issue facing phone switched 2 days back since trying switch leading nowhere neither charging phone heats charging well normal usage conditions charging phone heats extent one may feel could blast friend also faced phone issue resolved automatically 2 days connected fast carger phone facing heating issue phone still switches able regret wastage money,Negative
309,"Samsung Galaxy M01 Core (Black, 2GB RAM, 32GB Storage) with No Cost EMI/Additional Exchange Offers",B089MQ622N,"
5 star phone price 6499 
", recieved phone 14th august 2020 today 24th august 2020so 10 days reviewing phone seen many negative reviews amazon review portal true experience phone following1 processor media tek quad core best quad core take less power battry octa core processor purchased phone mom quad core porcessor sufficient mom2 battry life good quad core processor3 ram 2gb also sufficient4 display always awesome samsung provide5 mike speakers quality good always samsung provide6 many people said review mobile automatically swiched automatically yes seen one time problem every new phone done one time system works smoothly one time switch things happen never repeated till 10 days use phone people taking switch problem seriously one time process phone new sometimes phone may swich automatically dont panik this7 people want replace phone one time switch problem say one thing first phone phone brand new replaced phone never new phone never replace new phone experience8 fully satisfied phone price 64999this reason giving 5 star phonethank u samsung,5,recieved phone 14th august 2020 today 24th august 2020so 10 days reviewing phone seen many negative reviews amazon review portal true experience phone following1 processor media tek quad core best quad core take less power battry octa core processor purchased phone mom quad core porcessor sufficient mom2 battry life good quad core processor3 ram 2gb also sufficient4 display always awesome samsung provide5 mike speakers quality good always samsung provide6 many people said review mobile automatically swiched automatically yes seen one time problem every new phone done one time system works smoothly one time switch things happen never repeated till 10 days use phone people taking switch problem seriously one time process phone new sometimes phone may swich automatically dont panik this7 people want replace phone one time switch problem say one thing first phone phone brand new replaced phone never new phone never replace new phone experience8 fully satisfied phone price 64999this reason giving 5 star phonethank u samsung,Positive
320,"Samsung Galaxy M01 Core (Black, 2GB RAM, 32GB Storage) with No Cost EMI/Additional Exchange Offers",B089MQ622N,"
want return refund already 7 days resolve asap
", poor quality phone functional 2 days use bought spare phone didnt use much neither downloaded big apps phone getting happened 7 days delivery made return amazon showing confirmation clarity waste money,1,poor quality phone functional 2 days use bought spare phone didnt use much neither downloaded big apps phone getting happened 7 days delivery made return amazon showing confirmation clarity waste money,Negative
321,"Samsung Galaxy M01 Core (Black, 2GB RAM, 32GB Storage) with No Cost EMI/Additional Exchange Offers",B089MQ622N,"
all good
", product good budgetand performance excellent,5,product good budgetand performance excellent,Positive
322,"Samsung Galaxy M01 Core (Black, 2GB RAM, 32GB Storage) with No Cost EMI/Additional Exchange Offers",B089MQ622N,"
horrible return process amazon
", bad part mobile lasted half day next morning work even charging trying everything possible whats worst amazon return process highly disappointed amazon process took approx 4 days 2 hours phone calls get defective product returned,1,bad part mobile lasted half day next morning work even charging trying everything possible whats worst amazon return process highly disappointed amazon process took approx 4 days 2 hours phone calls get defective product returned,Negative
323,"Samsung Galaxy M01 Core (Black, 2GB RAM, 32GB Storage) with No Cost EMI/Additional Exchange Offers",B089MQ622N,"
good purchase exchange
", poor camerabattery ok slow chargingi got exchange 38k satisfied m10 far far bettergaming okworst part cameradont expect nice picssmall screen easy handleoverall 39star ill givecoz samsung cost may bigger m01 better,3,poor camerabattery ok slow chargingi got exchange 38k satisfied m10 far far bettergaming okworst part cameradont expect nice picssmall screen easy handleoverall 39star ill givecoz samsung cost may bigger m01 better,Neutral
324,"Samsung Galaxy M01 Core (Black, 2GB RAM, 32GB Storage) with No Cost EMI/Additional Exchange Offers",B089MQ622N,"
not recommended buy samsung m01 core
", major issue phone slow charging quick battery draining look handset sleek smart charer normalnonusb connect devices like laptop pc need purchase extra usb cable backside phone get heated using long time like hour recording video 14082020 1520 minutes phone get overheated stopped video recording,2,major issue phone slow charging quick battery draining look handset sleek smart charer normalnonusb connect devices like laptop pc need purchase extra usb cable backside phone get heated using long time like hour recording video 14082020 1520 minutes phone get overheated stopped video recording,Negative
325,"Samsung Galaxy M01 Core (Black, 2GB RAM, 32GB Storage) with No Cost EMI/Additional Exchange Offers",B089MQ622N,"
samsung m01 core running android 10 isnt half good samsung on5 running android 6
", update 16 oct 20samsung service trying push manufacturing defects fault playing small users please careful buying samsung product operating like flybynight companyive already spent rs 3000 rs 6000 phone without working phone last 1 monthupdate 29 sep 20reducing status 1 starthe phone increasingly giving problemsa screen responsiveness getting worseb sd card always giving errorc taking lots time load appsi exchanged samsung on5 samsung m01 core mainly lack internal memory good sturdy experience on5 let buy phone complaints hardware though many software regressed on5 let write down1 samsung on5 running android 6 stable current android 10 rebooted atleast twice own2 camera panorama mode on53 chrome hanged twice period4 sd card stopped reading push back work never happened on55 disturb cant customized samsung on5 it6 unread sms highlightedgo version shouldnt mean regression ill happy discuss architects would want genuine op,1,update 16 oct 20samsung service trying push manufacturing defects fault playing small users please careful buying samsung product operating like flybynight companyive already spent rs 3000 rs 6000 phone without working phone last 1 monthupdate 29 sep 20reducing status 1 starthe phone increasingly giving problemsa screen responsiveness getting worseb sd card always giving errorc taking lots time load appsi exchanged samsung on5 samsung m01 core mainly lack internal memory good sturdy experience on5 let buy phone complaints hardware though many software regressed on5 let write down1 samsung on5 running android 6 stable current android 10 rebooted atleast twice own2 camera panorama mode on53 chrome hanged twice period4 sd card stopped reading push back work never happened on55 disturb cant customized samsung on5 it6 unread sms highlightedgo version shouldnt mean regression ill happy discuss architects would want genuine op,Negative
326,"Samsung Galaxy M01 Core (Black, 2GB RAM, 32GB Storage) with No Cost EMI/Additional Exchange Offers",B089MQ622N,"
waste money
", wud given star unfortunately theres option mobile stops reading sim card often second day use tried replace item quoting defective product ask install app solve problem app doesnt work sucks money got wasted,1,wud given star unfortunately theres option mobile stops reading sim card often second day use tried replace item quoting defective product ask install app solve problem app doesnt work sucks money got wasted,Negative
327,"Samsung Galaxy M01 Core (Black, 2GB RAM, 32GB Storage) with No Cost EMI/Additional Exchange Offers",B089MQ622N,"
value money
", basic features interface quite smooth support wifi calling also overall phone good value money spent,5,basic features interface quite smooth support wifi calling also overall phone good value money spent,Positive
328,"Samsung Galaxy M01 Core (Black, 2GB RAM, 32GB Storage) with No Cost EMI/Additional Exchange Offers",B089MQ622N,"
worst product dont buy
", samsung loting money giving worst product using phone one month started stop working saying overheating watch movie half hour video call half hour,1,samsung loting money giving worst product using phone one month started stop working saying overheating watch movie half hour video call half hour,Negative
329,"Samsung Galaxy M01 Core (Black, 2GB RAM, 32GB Storage) with No Cost EMI/Additional Exchange Offers",B089MQ622N,"
just awesome
", really value money phone comes 530inch touchscreen display resolution 720x1480 pixels aspect ratio 1859 samsung galaxy m01 core powered 15ghz quadcore mediatek mt6739 processor comes 1gb ram samsung galaxy m01 core runs android go edition powered 3000mah batteryas far cameras concerned samsung galaxy m01 core rear packs 8megapixel camera rear camera setup autofocus sports 5megapixel camera front selfies,5,really value money phone comes 530inch touchscreen display resolution 720x1480 pixels aspect ratio 1859 samsung galaxy m01 core powered 15ghz quadcore mediatek mt6739 processor comes 1gb ram samsung galaxy m01 core runs android go edition powered 3000mah batteryas far cameras concerned samsung galaxy m01 core rear packs 8megapixel camera rear camera setup autofocus sports 5megapixel camera front selfies,Positive
330,"Samsung Galaxy M01 Core (Black, 2GB RAM, 32GB Storage) with No Cost EMI/Additional Exchange Offers",B089MQ622N,"
not worth buy
", much lagging like 250 mb ramdisappointed slowness device already updated software latest version,1,much lagging like 250 mb ramdisappointed slowness device already updated software latest version,Negative
331,"Samsung Galaxy M01 Core (Black, 2GB RAM, 32GB Storage) with No Cost EMI/Additional Exchange Offers",B089MQ622N,"
good product
", nice product,5,nice product,Positive
332,"Samsung Galaxy M01 Core (Black, 2GB RAM, 32GB Storage) with No Cost EMI/Additional Exchange Offers",B089MQ622N,"
useless product
", battery totally worst touch bad charging also proper,1,battery totally worst touch bad charging also proper,Negative
333,"Samsung Galaxy M01 Core (Black, 2GB RAM, 32GB Storage) with No Cost EMI/Additional Exchange Offers",B089MQ622N,"
since day one sim slot working pl arrange replace same
", since day one sim slot properly working times showing insert sim error restart phone reinsert sim connect phone changed sim card also problem continuing clear problem sim slot hence pl arrange replace phone earliest,1,since day one sim slot properly working times showing insert sim error restart phone reinsert sim connect phone changed sim card also problem continuing clear problem sim slot hence pl arrange replace phone earliest,Negative
334,"Samsung Galaxy M01 Core (Black, 2GB RAM, 32GB Storage) with No Cost EMI/Additional Exchange Offers",B089MQ622N,"
after 9 days phone charging phone completely charging icon also showing
", recieved item 9this august working fine 9 days phone charging try two charger phone also get discharged going also put charging charging icon phone charging,3,recieved item 9this august working fine 9 days phone charging try two charger phone also get discharged going also put charging charging icon phone charging,Neutral
335,"Samsung Galaxy M01 Core (Black, 2GB RAM, 32GB Storage) with No Cost EMI/Additional Exchange Offers",B089MQ622N,"
value money low battery life support fast charging
", 2gb phone cant expect much even facebook lags going lots browsing camera ok build good must use rubber cover temper protection 3000mah battery thats discharges quickly doesnt support fast charging creates problems overall expect costanalyze needs purchasing phone decent household usage apps want multiple apps dont go,4,2gb phone cant expect much even facebook lags going lots browsing camera ok build good must use rubber cover temper protection 3000mah battery thats discharges quickly doesnt support fast charging creates problems overall expect costanalyze needs purchasing phone decent household usage apps want multiple apps dont go,Positive
336,"Samsung Galaxy M01 Core (Black, 2GB RAM, 32GB Storage) with No Cost EMI/Additional Exchange Offers",B089MQ622N,"
awesome samsung 65k
", gr8 phone price 6500 samsung everything looks fine,5,gr8 phone price 6500 samsung everything looks fine,Positive
337,"Samsung Galaxy M01 Core (Black, 2GB RAM, 32GB Storage) with No Cost EMI/Additional Exchange Offers",B089MQ622N,"
worst experience return mobile
", mobile contains poor battery quality 80 charge drained 3 hours average use buy waste moneyamazon mention return replace product within 7 days time purchase actual delay unnecessarily pass time frame different protocols nobody return even faulty set chance return,1,mobile contains poor battery quality 80 charge drained 3 hours average use buy waste moneyamazon mention return replace product within 7 days time purchase actual delay unnecessarily pass time frame different protocols nobody return even faulty set chance return,Negative
338,"Samsung Galaxy M01 Core (Black, 2GB RAM, 32GB Storage) with No Cost EMI/Additional Exchange Offers",B089MQ622N,"
so much heat up
", everything good per phone price one thing dont like phone u continues use 2530 minutes start getting heat good,3,everything good per phone price one thing dont like phone u continues use 2530 minutes start getting heat good,Neutral
339,"Samsung Galaxy M01 Core (Black, 2GB RAM, 32GB Storage) with No Cost EMI/Additional Exchange Offers",B089MQ622N,"
not accepting return request worst reply amazon
", mobile giving poor quality audio breaking voice zoom video call applied return policy accepting return shocked due kind behaviour amazon put case online take return,1,mobile giving poor quality audio breaking voice zoom video call applied return policy accepting return shocked due kind behaviour amazon put case online take return,Negative
340,"Samsung Galaxy M01 Core (Black, 2GB RAM, 32GB Storage) with No Cost EMI/Additional Exchange Offers",B089MQ622N,"
poor quality
", good phone waste money,1,good phone waste money,Negative
341,"Samsung Galaxy M01 Core (Black, 2GB RAM, 32GB Storage) with No Cost EMI/Additional Exchange Offers",B089MQ622N,"
amazon india avoids picking dead products deliberate
", first time life dared purchase phone amazon first time samsung phone bought stopped working went dead within hours later amazon agents kept visiting deny pick product saying dead 4 times kept calling customer care 6 7 calls phone picked return agent 15 days money amazon means amazon using money sure many escalations make replace productthe product might good buying amazon iz painif unlucky phone dead keep begging return money stuck amazonworst way amazon india treats customer better use amazon cheap products,1,first time life dared purchase phone amazon first time samsung phone bought stopped working went dead within hours later amazon agents kept visiting deny pick product saying dead 4 times kept calling customer care 6 7 calls phone picked return agent 15 days money amazon means amazon using money sure many escalations make replace productthe product might good buying amazon iz painif unlucky phone dead keep begging return money stuck amazonworst way amazon india treats customer better use amazon cheap products,Negative
342,"Samsung Galaxy M01 Core (Black, 2GB RAM, 32GB Storage) with No Cost EMI/Additional Exchange Offers",B089MQ622N,"
highly recommended
", good productworks well looks stylish ideal thousands people use internet call features intelligently nonchinese adds patriotism economical absolutely value moneyexcellent service amazon highly recommended,5,good productworks well looks stylish ideal thousands people use internet call features intelligently nonchinese adds patriotism economical absolutely value moneyexcellent service amazon highly recommended,Positive
343,"Samsung Galaxy M01 Core (Black, 2GB RAM, 32GB Storage) with No Cost EMI/Additional Exchange Offers",B089MQ622N,"
avoid this
", ignored negative reviews especially receiving phones would turn paid price received phone never turned defective worst part yet come wait inspection worst bit waiting weeks amazon pick package back understand amazon best circumstances covid scenario would strongly suggest model could best avoided samsung seriously consider withdrawing models shame,1,ignored negative reviews especially receiving phones would turn paid price received phone never turned defective worst part yet come wait inspection worst bit waiting weeks amazon pick package back understand amazon best circumstances covid scenario would strongly suggest model could best avoided samsung seriously consider withdrawing models shame,Negative
344,"Samsung Galaxy M01 Core (Black, 2GB RAM, 32GB Storage) with No Cost EMI/Additional Exchange Offers",B089MQ622N,"
touch working
", touch screen working first day use requested replace mobile days delivery boy says amazon app amazon app problem cant install app without screen function still waiting amazon solve problem,1,touch screen working first day use requested replace mobile days delivery boy says amazon app amazon app problem cant install app without screen function still waiting amazon solve problem,Negative
345,"Samsung Galaxy M01 Core (Black, 2GB RAM, 32GB Storage) with No Cost EMI/Additional Exchange Offers",B089MQ622N,"
a great buy truly wish waste money
", worth 5000 perfectly worth 2800 ever available price point lolbasic feature handheld nothing much sport brag basic functions smooth body surface screen brightness blinds crisp camera budget phone else simply rubbish let maidservant kid play around instead haha,1,worth 5000 perfectly worth 2800 ever available price point lolbasic feature handheld nothing much sport brag basic functions smooth body surface screen brightness blinds crisp camera budget phone else simply rubbish let maidservant kid play around instead haha,Negative
346,"Samsung Galaxy M01 Core (Black, 2GB RAM, 32GB Storage) with No Cost EMI/Additional Exchange Offers",B089MQ622N,"
good
", excellent phone low budgetlight weight phone good phone old age people,5,excellent phone low budgetlight weight phone good phone old age people,Positive
347,"Samsung Galaxy M01 Core (Black, 2GB RAM, 32GB Storage) with No Cost EMI/Additional Exchange Offers",B089MQ622N,"
good one budget loved it
", good handset samsung budget battery mah 3000 gives normal performance depends upon usage takes time charge bought dad good elders comfy use ,5,good handset samsung budget battery mah 3000 gives normal performance depends upon usage takes time charge bought dad good elders comfy use,Positive
348,"Samsung Galaxy M01 Core (Black, 2GB RAM, 32GB Storage) with No Cost EMI/Additional Exchange Offers",B089MQ622N,"
nice phone
", definitely samsung good brand blindly faith itphone really goodbuild quality good battery life awesomecamera average bcoz cant expect bery high quality price rangesound quality also averageoverall really good deal price range compare mi range mi definitely lead itredmi 8a dual best substitute phone,4,definitely samsung good brand blindly faith itphone really goodbuild quality good battery life awesomecamera average bcoz cant expect bery high quality price rangesound quality also averageoverall really good deal price range compare mi range mi definitely lead itredmi 8a dual best substitute phone,Positive
349,"Samsung Galaxy M01 Core (Black, 2GB RAM, 32GB Storage) with No Cost EMI/Additional Exchange Offers",B089MQ622N,"
definitely best choice price samsung
", used may types android mobiles purchased mobile mother also test android go worksthings like device1 camera see feature 8mp primary camera thought cameras may average device real camera clarity awesome price real didnt expect samsung surprised even front 5mp camera also chapters clear pictures rear camera dedicated flash surprisingly front camera screen flashgood see thiscamera samples cell tower charger spectacles captured samsung m01 core pictures captured devices2 display many companies selling devices 10k even range still providing hd 720p screen really felt happy getting excellent display good viewing angles 56k need note tft display ips display3 design samsung providing mate texture finish back ofcourse made cheap plastic definitely protect devices scratches4 operating system device comes android go lite version android comes latest android 10 box android provided updates regularly bought 2gb ram variant installed may appsnot much larger apps general purpose apps didnt find lagging issues using them5 battery device comes 3000mah battery noticed samsung mentioned typically means 3000mah exact rating still ok capacity device android go lighter version almost consumes less battery watch 45 hours youtube videos single charge definitely pricethink didnt like1 low charger rating box comes 5v 07a charger 35w slow charger 3000mah battery takes 3 hours full charger device 10w fast charger tried charger charging still taking 3 hours charge wont accept fast charge costumer expect least 10w charger price2 face unlock face unlock feature common every device feature missing providing pin pattern password options secure device3 price actually bad luck placed order price product 6499 paid full amount online takes 2days reach received order product price went 5999,4,used may types android mobiles purchased mobile mother also test android go worksthings like device1 camera see feature 8mp primary camera thought cameras may average device real camera clarity awesome price real didnt expect samsung surprised even front 5mp camera also chapters clear pictures rear camera dedicated flash surprisingly front camera screen flashgood see thiscamera samples cell tower charger spectacles captured samsung m01 core pictures captured devices2 display many companies selling devices 10k even range still providing hd 720p screen really felt happy getting excellent display good viewing angles 56k need note tft display ips display3 design samsung providing mate texture finish back ofcourse made cheap plastic definitely protect devices scratches4 operating system device comes android go lite version android comes latest android 10 box android provided updates regularly bought 2gb ram variant installed may appsnot much larger apps general purpose apps didnt find lagging issues using them5 battery device comes 3000mah battery noticed samsung mentioned typically means 3000mah exact rating still ok capacity device android go lighter version almost consumes less battery watch 45 hours youtube videos single charge definitely pricethink didnt like1 low charger rating box comes 5v 07a charger 35w slow charger 3000mah battery takes 3 hours full charger device 10w fast charger tried charger charging still taking 3 hours charge wont accept fast charge costumer expect least 10w charger price2 face unlock face unlock feature common every device feature missing providing pin pattern password options secure device3 price actually bad luck placed order price product 6499 paid full amount online takes 2days reach received order product price went 5999,Positive
350,"Samsung Galaxy M01 Core (Black, 2GB RAM, 32GB Storage) with No Cost EMI/Additional Exchange Offers",B089MQ622N,"
very good phone grand father mother kids
", best thing android 10then 1 gb ram ok 2gb ram goodstorage goodcamera okdisplay size would55 inch good 53it ips lcd display hd tft displaybattery also ok normal usageeverything good price,5,best thing android 10then 1 gb ram ok 2gb ram goodstorage goodcamera okdisplay size would55 inch good 53it ips lcd display hd tft displaybattery also ok normal usageeverything good price,Positive
351,"Samsung Galaxy M01 Core (Black, 2GB RAM, 32GB Storage) with No Cost EMI/Additional Exchange Offers",B089MQ622N,"
worst phone ever
", true reviewsworst phone world dont see youtube reviews buy phone lying wanted give less one star option looks good photos small phone lags sticks lot even 2gb ram never buy product camera freakin waste say 12mp camera actually like 2mp apps keep exiting themselvesand says app responding worst phone dont buy honest review bought today returned phone day self within hours wanna waste money invest phone packing everything rather soo good phone function good allthank,1,true reviewsworst phone world dont see youtube reviews buy phone lying wanted give less one star option looks good photos small phone lags sticks lot even 2gb ram never buy product camera freakin waste say 12mp camera actually like 2mp apps keep exiting themselvesand says app responding worst phone dont buy honest review bought today returned phone day self within hours wanna waste money invest phone packing everything rather soo good phone function good allthank,Negative
352,"Samsung Galaxy M01 Core (Black, 2GB RAM, 32GB Storage) with No Cost EMI/Additional Exchange Offers",B089MQ622N,"
not worth dont go it
", video playback well camera smooth even though meant run hd videostried return product amazon initiated replacement procedure saying particular piece faulty however new piece also issues cant see replace return option anymorein conclusion hardware compatible specification dont go product bad service amazon,1,video playback well camera smooth even though meant run hd videostried return product amazon initiated replacement procedure saying particular piece faulty however new piece also issues cant see replace return option anymorein conclusion hardware compatible specification dont go product bad service amazon,Negative
353,"Samsung Galaxy M01 Core (Black, 2GB RAM, 32GB Storage) with No Cost EMI/Additional Exchange Offers",B089MQ622N,"
go good model rather save money
", purchased set 8sep much excitement never expected face soo much drama replacement refundphone started heating every 2minutes use visit om replacement option thr actually replacement option thr option download app talk techincan explain problem twice thrice themthn ask download appthen check temperature arrange techincan visit place much struggle get replacement problem may persist maynot case satisfied product thought samsung brand cn go exchange police kamchalu type model invest 2k go good model2starps long review truthhhhhhh think twice purchasing amazon,2,purchased set 8sep much excitement never expected face soo much drama replacement refundphone started heating every 2minutes use visit om replacement option thr actually replacement option thr option download app talk techincan explain problem twice thrice themthn ask download appthen check temperature arrange techincan visit place much struggle get replacement problem may persist maynot case satisfied product thought samsung brand cn go exchange police kamchalu type model invest 2k go good model2starps long review truthhhhhhh think twice purchasing amazon,Negative
354,"Samsung Galaxy M01 Core (Black, 2GB RAM, 32GB Storage) with No Cost EMI/Additional Exchange Offers",B089MQ622N,"
misleading customer
", product fine limitations function india doesnt work well mom cause keeps travelling abroad frequentlywhy wasnt informed amazon restrictions phone cant function countries countries world theyve using mobile phones even indiamisleading customers shouldnt priority amazon,1,product fine limitations function india doesnt work well mom cause keeps travelling abroad frequentlywhy wasnt informed amazon restrictions phone cant function countries countries world theyve using mobile phones even indiamisleading customers shouldnt priority amazon,Negative
355,"Samsung Galaxy M01 Core (Black, 2GB RAM, 32GB Storage) with No Cost EMI/Additional Exchange Offers",B089MQ622N,"
unable use amazon pay upi app due anderoid lite go version
", amazon upi amazon scan pay amazon money load working phone gets version updated error play sore shows open called amazon samsung customer care amazon says phone version support run anderoid lite go version may problem lite version samsung told visit service center dont know work anderoid 10 lite go version ,1,amazon upi amazon scan pay amazon money load working phone gets version updated error play sore shows open called amazon samsung customer care amazon says phone version support run anderoid lite go version may problem lite version samsung told visit service center dont know work anderoid 10 lite go version,Negative
356,"Samsung Galaxy M01 Core (Black, 2GB RAM, 32GB Storage) with No Cost EMI/Additional Exchange Offers",B089MQ622N,"
samsung m01 core 2gb 16gb variant decent buy secondary device elders
", ive using official mobile apps like whatsapp fb lite cricbuzz playmusic youtube microsoft teams outlook intelligent hub hrms bankings apps like yono paytm gpaywith apps running smoothlya bit lag proce range acceptableprosdecent camera proce rangeaverage specs price rangesamsung brand valueandroid go ossamsung skin os decentconsbelow average battery life anyhow lasts daypathetic charging speed 4hrscharger provided box 5v 1a least 10w charger could added,4,ive using official mobile apps like whatsapp fb lite cricbuzz playmusic youtube microsoft teams outlook intelligent hub hrms bankings apps like yono paytm gpaywith apps running smoothlya bit lag proce range acceptableprosdecent camera proce rangeaverage specs price rangesamsung brand valueandroid go ossamsung skin os decentconsbelow average battery life anyhow lasts daypathetic charging speed 4hrscharger provided box 5v 1a least 10w charger could added,Positive
357,"Samsung Galaxy M01 Core (Black, 2GB RAM, 32GB Storage) with No Cost EMI/Additional Exchange Offers",B089MQ622N,"
phone overheating charger overheating feels like boiling water
", phone induction heater dont understand use 5 min phone heating like anything feels like itll blast 10 minutes usage delivered defective product overheating phone unhappy product manufacturere seller also amazon delivery service charger also heating like anything thingand inspection team visited,1,phone induction heater dont understand use 5 min phone heating like anything feels like itll blast 10 minutes usage delivered defective product overheating phone unhappy product manufacturere seller also amazon delivery service charger also heating like anything thingand inspection team visited,Negative
358,"Samsung Galaxy M01 Core (Black, 2GB RAM, 32GB Storage) with No Cost EMI/Additional Exchange Offers",B089MQ622N,"
just average phone dont expect much
", average phonethis negative review trueonly good calling message simple whatsapp useslow battery chargingjust 3000 mah battery drains fast charges slowlyoverall good value moneyas 5999not costlynot powerfulnot amazingnot outstandingnot impressivebut overall average phonegood feeling smartphone mark,3,average phonethis negative review trueonly good calling message simple whatsapp useslow battery chargingjust 3000 mah battery drains fast charges slowlyoverall good value moneyas 5999not costlynot powerfulnot amazingnot outstandingnot impressivebut overall average phonegood feeling smartphone mark,Neutral
359,"Samsung Galaxy M01 Core (Black, 2GB RAM, 32GB Storage) with No Cost EMI/Additional Exchange Offers",B089MQ622N,"
no replacement refund response amazon
", mobile samsung galaxy m01 core black 1gb ram 16gb received could charged battery low new phone battery uncharged amazon delivered defective product worst phone,1,mobile samsung galaxy m01 core black 1gb ram 16gb received could charged battery low new phone battery uncharged amazon delivered defective product worst phone,Negative
360,"Samsung Galaxy M01 Core (Black, 2GB RAM, 32GB Storage) with No Cost EMI/Additional Exchange Offers",B089MQ622N,"
best quality phone
", loved peice best phone price samsung always worth every penny needed phone onliy class son best,5,loved peice best phone price samsung always worth every penny needed phone onliy class son best,Positive
361,"Samsung Galaxy M01 Core (Black, 2GB RAM, 32GB Storage) with No Cost EMI/Additional Exchange Offers",B089MQ622N,"
very good product price range
", bought mother 1st android mobile happy user friendly good 1st time users,5,bought mother 1st android mobile happy user friendly good 1st time users,Positive
362,"Samsung Galaxy M01 Core (Black, 2GB RAM, 32GB Storage) with No Cost EMI/Additional Exchange Offers",B089MQ622N,"
honest review phone
", satisfying getting charged android charger given one process soo slowi literally expected something result different soo please dont buy product allit never match expectations normal android phone better thisbut happy things battery drain fast volume goodbut cant play animated games like pubg free fire strucks betweenat last satisfies product even design ordinary normal one better images camera like shown problem move phone gets struckedthe quality camera good okay old people normal users like use phone calls messages,2,satisfying getting charged android charger given one process soo slowi literally expected something result different soo please dont buy product allit never match expectations normal android phone better thisbut happy things battery drain fast volume goodbut cant play animated games like pubg free fire strucks betweenat last satisfies product even design ordinary normal one better images camera like shown problem move phone gets struckedthe quality camera good okay old people normal users like use phone calls messages,Negative
363,"Samsung Galaxy M01 Core (Black, 2GB RAM, 32GB Storage) with No Cost EMI/Additional Exchange Offers",B089MQ622N,"
samsung galaxy m01core mobile phones nice
", product best cheapest using mobile phone phone performance good price camera quality also good totally mobile phone cheapest,5,product best cheapest using mobile phone phone performance good price camera quality also good totally mobile phone cheapest,Positive
364,"Samsung Galaxy M01 Core (Black, 2GB RAM, 32GB Storage) with No Cost EMI/Additional Exchange Offers",B089MQ622N,"
help out
", 9 day since got phone already showing problem phone charging dead image quality matching r showing tha detail display also good anywez bare main problem phone taking charge dead,1,9 day since got phone already showing problem phone charging dead image quality matching r showing tha detail display also good anywez bare main problem phone taking charge dead,Negative
365,"Samsung Galaxy M01 Core (Black, 2GB RAM, 32GB Storage) with No Cost EMI/Additional Exchange Offers",B089MQ622N,"
disappointing
", honestly dont like product screen response slow cant even pick phone quickly battery life less requires almost 3hrs full charge overall disappointing good thing supports android 10 also features less expected samsung though budget phone,1,honestly dont like product screen response slow cant even pick phone quickly battery life less requires almost 3hrs full charge overall disappointing good thing supports android 10 also features less expected samsung though budget phone,Negative
366,"Samsung Galaxy M01 Core (Black, 2GB RAM, 32GB Storage) with No Cost EMI/Additional Exchange Offers",B089MQ622N,"
worst product never ever try take mobile
", worst product never ever try take product sudden stopped charging working 12 days need replace source please dont buy kind worst products ppl unable spend much money try take good reviews mobiles,1,worst product never ever try take product sudden stopped charging working 12 days need replace source please dont buy kind worst products ppl unable spend much money try take good reviews mobiles,Negative
367,"Samsung Galaxy M01 Core (Black, 2GB RAM, 32GB Storage) with No Cost EMI/Additional Exchange Offers",B089MQ622N,"
screen samsung m1 going dead till now
", purchased 26 sep 20 second occassion phone auto switched screen dead previously 3 days fourth day returned life tried swich repeatedly day screen gone dead despite good charge battery pl look matter complaint window work panasonic eluga xpl help,3,purchased 26 sep 20 second occassion phone auto switched screen dead previously 3 days fourth day returned life tried swich repeatedly day screen gone dead despite good charge battery pl look matter complaint window work panasonic eluga xpl help,Neutral
368,"Samsung Galaxy M01 Core (Black, 2GB RAM, 32GB Storage) with No Cost EMI/Additional Exchange Offers",B089MQ622N,"
waste product refund procedure updated read it
", dont buy mobile totally waste camera quality bad battery backup also slow takes 3 hours charge fully battery drained point point suddenly normal usage also heating issue also mobile better go brands budgetreturn procedure get refundin amazon say electronic product cant provide refund able provide replacement accept theyll send one mobile service field agent check whether product defective approved replace old one provide new one productin replacement product also surely youll face defects ask refund directly options showing order page immediately approve within working days theyll provide refundthese kind electronic products first time theyll provide replacement offer second time theyll provide direct refund,1,dont buy mobile totally waste camera quality bad battery backup also slow takes 3 hours charge fully battery drained point point suddenly normal usage also heating issue also mobile better go brands budgetreturn procedure get refundin amazon say electronic product cant provide refund able provide replacement accept theyll send one mobile service field agent check whether product defective approved replace old one provide new one productin replacement product also surely youll face defects ask refund directly options showing order page immediately approve within working days theyll provide refundthese kind electronic products first time theyll provide replacement offer second time theyll provide direct refund,Negative
369,"Samsung Galaxy M01 Core (Black, 2GB RAM, 32GB Storage) with No Cost EMI/Additional Exchange Offers",B089MQ622N,"
must low budget
", foud lightweight good appereancesound quality good battery backup good audio recording feature foundexists phone getting heatup youtube live streamingmay may bedue weak signaloverall quality handset,4,foud lightweight good appereancesound quality good battery backup good audio recording feature foundexists phone getting heatup youtube live streamingmay may bedue weak signaloverall quality handset,Positive
370,"Samsung Galaxy M01 Core (Black, 2GB RAM, 32GB Storage) with No Cost EMI/Additional Exchange Offers",B089MQ622N,"
battery blunder
", note whose mobile got switched press power volume button time safe mode may restart work purchased mother small lightweighted thought perfect mom previously redmi 7a dont want chinese phone home decided exchange thispros cute small light weighted less price good speed cons battery battery battery 3 year old j7 2016 3300mah large screen gave 1 half day backup phone give backup single day mother use 3 4 hr daily also mom got frustated even asked give old phone back amazon returning gave threat go consumer forum 2nd visit technician understood problem gave money really go consumer court amazon wouldnt accepted return amount pain feeling cheated daily cause anger ordered m21 contrary expectation mom happy large screen m21 awesome best thing samsung phone ui love u r budget conscious may consider option dont go samsung less 10k phone feel samsung improve battery request everyone buy chinese product,3,note whose mobile got switched press power volume button time safe mode may restart work purchased mother small lightweighted thought perfect mom previously redmi 7a dont want chinese phone home decided exchange thispros cute small light weighted less price good speed cons battery battery battery 3 year old j7 2016 3300mah large screen gave 1 half day backup phone give backup single day mother use 3 4 hr daily also mom got frustated even asked give old phone back amazon returning gave threat go consumer forum 2nd visit technician understood problem gave money really go consumer court amazon wouldnt accepted return amount pain feeling cheated daily cause anger ordered m21 contrary expectation mom happy large screen m21 awesome best thing samsung phone ui love u r budget conscious may consider option dont go samsung less 10k phone feel samsung improve battery request everyone buy chinese product,Neutral
371,"Samsung Galaxy M01 Core (Black, 2GB RAM, 32GB Storage) with No Cost EMI/Additional Exchange Offers",B089MQ622N,"
battery issue even coming half day
", bought product aunt hardly use app phone calls sometimes watz app video battery back even coming half day charge time taking 230 hrs original charger given samsung bought product want avoid readmi products regretting purchased mobile samsung needs atlease match redmi phone quality available price range,2,bought product aunt hardly use app phone calls sometimes watz app video battery back even coming half day charge time taking 230 hrs original charger given samsung bought product want avoid readmi products regretting purchased mobile samsung needs atlease match redmi phone quality available price range,Negative
372,"Samsung Galaxy M01 Core (Black, 2GB RAM, 32GB Storage) with No Cost EMI/Additional Exchange Offers",B089MQ622N,"
very average mobile phone
", mobile heated mins usage touch highly responsive mobile vibrates playing audio speaker near full sound hangs times display call quality good poor build quality product failed meet satisfaction,2,mobile heated mins usage touch highly responsive mobile vibrates playing audio speaker near full sound hangs times display call quality good poor build quality product failed meet satisfaction,Negative
373,"Samsung Galaxy M01 Core (Black, 2GB RAM, 32GB Storage) with No Cost EMI/Additional Exchange Offers",B089MQ622N,"
phone switching off
", bought two phones m01 core one working fineshipped noida two weeks need see long goes second one shipped wb gets switched automatically 1st time 35 battery need wait battery drains completely got charged two days switched 75 charging requested returni see complaint many users ,3,bought two phones m01 core one working fineshipped noida two weeks need see long goes second one shipped wb gets switched automatically 1st time 35 battery need wait battery drains completely got charged two days switched 75 charging requested returni see complaint many users,Neutral
374,"Samsung Galaxy M01 Core (Black, 2GB RAM, 32GB Storage) with No Cost EMI/Additional Exchange Offers",B089MQ622N,"
i like remain fear due hearing problem
", phone become hot charging net connection photo cannot used contract picture,4,phone become hot charging net connection photo cannot used contract picture,Positive
375,"Samsung Galaxy M01 Core (Black, 2GB RAM, 32GB Storage) with No Cost EMI/Additional Exchange Offers",B089MQ622N,"
good budget phone
", 3 days bought happy mobile handy fits hand pocket easily haeadset provided battery charging takes long time got good exchange offer,4,3 days bought happy mobile handy fits hand pocket easily haeadset provided battery charging takes long time got good exchange offer,Positive
376,"Samsung Galaxy M01 Core (Black, 2GB RAM, 32GB Storage) with No Cost EMI/Additional Exchange Offers",B089MQ622N,"
phone died within 5 days
", phone running fine first days suddenly blue got switched gives response ever applied return thus recommended allps post update return process completededit filing return technician appointed cancelled reason rescheduled visited told lot customers complaining yet product available anyway diagnosed problem manufactur detect got replacement instead refund new phone arrived came problems agian filed return time got refund suppose lucky would run manufacturer problem would occurred return window huge samsung products,1,phone running fine first days suddenly blue got switched gives response ever applied return thus recommended allps post update return process completededit filing return technician appointed cancelled reason rescheduled visited told lot customers complaining yet product available anyway diagnosed problem manufactur detect got replacement instead refund new phone arrived came problems agian filed return time got refund suppose lucky would run manufacturer problem would occurred return window huge samsung products,Negative
377,"Samsung Galaxy M01 Core (Black, 2GB RAM, 32GB Storage) with No Cost EMI/Additional Exchange Offers",B089MQ622N,"
unhappy
", maid brought daughter use online education wont charge stopped working month use also gets overheated saw positive reviews bought anyway warranty go samsung service center see,1,maid brought daughter use online education wont charge stopped working month use also gets overheated saw positive reviews bought anyway warranty go samsung service center see,Negative
378,"Samsung Galaxy M01 Core (Black, 2GB RAM, 32GB Storage) with No Cost EMI/Additional Exchange Offers",B089MQ622N,"
awesome 
", got dad writing review months use great display bloatware go 32gb variant value money ,5,got dad writing review months use great display bloatware go 32gb variant value money,Positive
379,"Samsung Galaxy M01 Core (Black, 2GB RAM, 32GB Storage) with No Cost EMI/Additional Exchange Offers",B089MQ622N,"
phone gets switched suddenly waste money slow
", phone slow gets switched suddenly made complaint amazon phone asked return didnt agree brand new phone issue paid much amount please dont buy waste money downloaded one app youtube bought samsung didnt know samsung make bad quality product,1,phone slow gets switched suddenly made complaint amazon phone asked return didnt agree brand new phone issue paid much amount please dont buy waste money downloaded one app youtube bought samsung didnt know samsung make bad quality product,Negative
380,"Samsung Galaxy M01 Core (Black, 2GB RAM, 32GB Storage) with No Cost EMI/Additional Exchange Offers",B089MQ622N,"
not recommended expect samsung
", samsung didnt meet expectations time big fan samsung products product disappointed battery gets hot watching videos playing games connected net battery drains fast suitable video calls although bought 2gb ram version video voice keeps cutting tried different networks earphones cheap looking charger samsung compromise quality cannot afford release budget phone instead continue mid high range phones,1,samsung didnt meet expectations time big fan samsung products product disappointed battery gets hot watching videos playing games connected net battery drains fast suitable video calls although bought 2gb ram version video voice keeps cutting tried different networks earphones cheap looking charger samsung compromise quality cannot afford release budget phone instead continue mid high range phones,Negative
381,"Samsung Galaxy M01 Core (Black, 2GB RAM, 32GB Storage) with No Cost EMI/Additional Exchange Offers",B089MQ622N,"
providing defective product customer
", dont buy amazon dont help customer deliver defective product able charge mobile infrom consult brand center repair return window closed initially hadnt use product week gift product someone else u think buy buy samsung store dont buy amazon,1,dont buy amazon dont help customer deliver defective product able charge mobile infrom consult brand center repair return window closed initially hadnt use product week gift product someone else u think buy buy samsung store dont buy amazon,Negative
382,"Samsung Galaxy M01 Core (Black, 2GB RAM, 32GB Storage) with No Cost EMI/Additional Exchange Offers",B089MQ622N,"
dont buy it
", received 16august 2020now 6th sepmy phone become dead charging upwasting moneyamazon help us defective product many people facing issues,1,received 16august 2020now 6th sepmy phone become dead charging upwasting moneyamazon help us defective product many people facing issues,Negative
383,"Samsung Galaxy M01 Core (Black, 2GB RAM, 32GB Storage) with No Cost EMI/Additional Exchange Offers",B089MQ622N,"
faulty phone delivered seller trusted
", review solely seller sold faulty phone huge black spot screen obvious proper quality check done delivery happen case used phond sold new think twice ordering costly things online especially amazon eshop amazon also cannot deny responsibility headache going return faulty item complete nightmare,1,review solely seller sold faulty phone huge black spot screen obvious proper quality check done delivery happen case used phond sold new think twice ordering costly things online especially amazon eshop amazon also cannot deny responsibility headache going return faulty item complete nightmare,Negative
384,"Samsung Galaxy M01 Core (Black, 2GB RAM, 32GB Storage) with No Cost EMI/Additional Exchange Offers",B089MQ622N,"
phone working 1 hour usage only
", bought mobile kids study purpose downloaded whatsapp google classroom keeping charge half hour mobile starting expect kind quality samsung,1,bought mobile kids study purpose downloaded whatsapp google classroom keeping charge half hour mobile starting expect kind quality samsung,Negative
385,"Samsung Galaxy M01 Core (Black, 2GB RAM, 32GB Storage) with No Cost EMI/Additional Exchange Offers",B089MQ622N,"
such pathetic process policy
", waste product process amazon bought purpose n found product delivery doesnt meet requirement im dont option return n buy diff model also disappointing experience awful,1,waste product process amazon bought purpose n found product delivery doesnt meet requirement im dont option return n buy diff model also disappointing experience awful,Negative
386,"Samsung Galaxy M01 Core (Black, 2GB RAM, 32GB Storage) with No Cost EMI/Additional Exchange Offers",B089MQ622N,"
good phone go it
", 5 days usagepros1 2 days battery life2 smooth performance3 android go edition runs smooth4 purchased 1 gb ram varient runs smooth legscons1 charging time 3 hrs2 u installed many apps start legging installed whatsappi giftedthis phone mother happy performancein price segment phone superb,4,5 days usagepros1 2 days battery life2 smooth performance3 android go edition runs smooth4 purchased 1 gb ram varient runs smooth legscons1 charging time 3 hrs2 u installed many apps start legging installed whatsappi giftedthis phone mother happy performancein price segment phone superb,Positive
387,"Samsung Galaxy M01 Core (Black, 2GB RAM, 32GB Storage) with No Cost EMI/Additional Exchange Offers",B089MQ622N,"
super bad product waste money
", hey guys dont purchase moblie allit worthy use simply waste moneyi purchased phn motherit claims give 1 yr warranty phn dead within 1 12 monthsvery awful producti chatted customer service abt whether item replaced comes within warranty period coperative response keep recycling u pagethey dont even bother call even filing complaintsimply waste product meant throw trashi highly suggest dont buy ,1,hey guys dont purchase moblie allit worthy use simply waste moneyi purchased phn motherit claims give 1 yr warranty phn dead within 1 12 monthsvery awful producti chatted customer service abt whether item replaced comes within warranty period coperative response keep recycling u pagethey dont even bother call even filing complaintsimply waste product meant throw trashi highly suggest dont buy,Negative
388,"Samsung Galaxy M01 Core (Black, 2GB RAM, 32GB Storage) with No Cost EMI/Additional Exchange Offers",B089MQ622N,"
loved it
", m01 core light handyvalue moneya little bit heat therebut cost awesome,5,m01 core light handyvalue moneya little bit heat therebut cost awesome,Positive
389,"Samsung Galaxy M01 Core (Black, 2GB RAM, 32GB Storage) with No Cost EMI/Additional Exchange Offers",B089MQ622N,"
basic model basic usage
", mobile basic model smartphone wil suitable calls whatap youtube basic appsphone got heated dead using continuos youtube games since 1gb ramafter visiting service center phone came live againif u r basic user old age people best one else go 2gb ram version,3,mobile basic model smartphone wil suitable calls whatap youtube basic appsphone got heated dead using continuos youtube games since 1gb ramafter visiting service center phone came live againif u r basic user old age people best one else go 2gb ram version,Neutral
390,"Samsung Galaxy M01 Core (Black, 2GB RAM, 32GB Storage) with No Cost EMI/Additional Exchange Offers",B089MQ622N,"
disappointed
", unsatisfied seller amazon received defective product switch made replacement request delivery agent insisted checking imei number phone reported issue amazon every time agent arrived would face issue one loyal customers amazon expect behaviour hope time gets replaced,1,unsatisfied seller amazon received defective product switch made replacement request delivery agent insisted checking imei number phone reported issue amazon every time agent arrived would face issue one loyal customers amazon expect behaviour hope time gets replaced,Negative
391,"Samsung Galaxy M01 Core (Black, 2GB RAM, 32GB Storage) with No Cost EMI/Additional Exchange Offers",B089MQ622N,"
samsung m01 waste phone
", samsung mobile ok processors old 2017 processorthse phone old use slow battery life heating timesdont thsephone,3,samsung mobile ok processors old 2017 processorthse phone old use slow battery life heating timesdont thsephone,Neutral
392,"Samsung Galaxy M01 Core (Black, 2GB RAM, 32GB Storage) with No Cost EMI/Additional Exchange Offers",B089MQ622N,"
poor product great amazon support
", unlike samsung handsets ive using years phone really poor quality heated charger heated phone switched wouldnt start within hours opening new handset amazon wonderful delivery repair return service thankfully refund initiated recommend model anyone,1,unlike samsung handsets ive using years phone really poor quality heated charger heated phone switched wouldnt start within hours opening new handset amazon wonderful delivery repair return service thankfully refund initiated recommend model anyone,Negative
393,"Samsung Galaxy M01 Core (Black, 2GB RAM, 32GB Storage) with No Cost EMI/Additional Exchange Offers",B089MQ622N,"
charging slow
", value money ctype charger charging slow takes 45hrs 100 battery putting 1000 bucks extra get redmi better segment,1,value money ctype charger charging slow takes 45hrs 100 battery putting 1000 bucks extra get redmi better segment,Negative
394,"Samsung Galaxy M01 Core (Black, 2GB RAM, 32GB Storage) with No Cost EMI/Additional Exchange Offers",B089MQ622N,"
not worthy
", purchased phone big movement chaines products facing several issues 1 battery life good2 handset gets heated nominal uses3 months uses phone gets switched minutes talkconclusion dont waste hard earned money political corporate propoganda like ban chaines product,2,purchased phone big movement chaines products facing several issues 1 battery life good2 handset gets heated nominal uses3 months uses phone gets switched minutes talkconclusion dont waste hard earned money political corporate propoganda like ban chaines product,Negative
395,"Samsung Galaxy M01 Core (Black, 2GB RAM, 32GB Storage) with No Cost EMI/Additional Exchange Offers",B089MQ622N,"
basic smartphone
", superb secondary usagebasic smartphone,5,superb secondary usagebasic smartphone,Positive
396,"Samsung Galaxy M01 Core (Black, 2GB RAM, 32GB Storage) with No Cost EMI/Additional Exchange Offers",B089MQ622N,"
poor quality phone samsung
", battery backup screen quality camera quality poor didnt want buy chinese bought expecting good phone turned outdated quality felt like im living 2015 phones released 2015 better camera phone disappointing product samsung competitors offering much better quality phone lower price,3,battery backup screen quality camera quality poor didnt want buy chinese bought expecting good phone turned outdated quality felt like im living 2015 phones released 2015 better camera phone disappointing product samsung competitors offering much better quality phone lower price,Neutral
397,"Samsung Galaxy M01 Core (Black, 2GB RAM, 32GB Storage) with No Cost EMI/Additional Exchange Offers",B089MQ622N,"
stops working 15 days
", phone stopped working 15 days took samsung repair charged us money get fixed even though warranty,1,phone stopped working 15 days took samsung repair charged us money get fixed even though warranty,Negative
398,"Samsung Galaxy M01 Core (Black, 2GB RAM, 32GB Storage) with No Cost EMI/Additional Exchange Offers",B089MQ622N,"
phone doesnt work
", phone doesnt switch initial charging done trying get replacement guidelines amazon helpful phone doesnt work way download app chat amazon technician said replacement possible done 3rd october approached 29th september told replacement possible replaced 3rd october yet receive next take consumer court,1,phone doesnt switch initial charging done trying get replacement guidelines amazon helpful phone doesnt work way download app chat amazon technician said replacement possible done 3rd october approached 29th september told replacement possible replaced 3rd october yet receive next take consumer court,Negative
399,"Samsung Galaxy M01 Core (Black, 2GB RAM, 32GB Storage) with No Cost EMI/Additional Exchange Offers",B089MQ622N,"
happy customer samsung m01
", younger sis using phone since days found isnt bad deal cost display touch response great baterry life ok prr use camera quality better sis happy made india phone must buy phone price point cheerzz,4,younger sis using phone since days found isnt bad deal cost display touch response great baterry life ok prr use camera quality better sis happy made india phone must buy phone price point cheerzz,Positive
500,"Samsung Galaxy M31 (Ocean Blue, 6GB RAM, 128GB Storage)",B07HGGYWL6,"
samsung m31 rounder best mobile
", best camera good battery life eat body material average weight best performance best display,5,best camera good battery life eat body material average weight best performance best display,Positive
501,"Samsung Galaxy M31 (Ocean Blue, 6GB RAM, 128GB Storage)",B07HGGYWL6,"
best value money range go without doubt
", best thing get price reputed brand made india tag first time ordered first day online launch happy im writing days usage different experience samsung consistent compared mobile brands ive used earliergood android 10 beautiful looks finally delete sms notification display excellent blue light filter performance good heating lagging real racing worked fine 6000 mah battery big 128 gb storage pretty good 512 gb card supported dedicated external card slot dedicated sim slots support lte fast charging 15w charger top phone phone came 0 charge charged fast mobile speakers sound good prefer external speakers better bass music camera really good macro performance good look skin tatoo photo dust perticles deskphone photo photos m31 phone front rear camera support fhd video 3840x2160 may require carry dslr everyehere face unlock figureprint sensor response good received next day 11 good thin ok doesnt samsung dex started boot screen gave little shock selected reboot option every thing smooth android updated many application updates normal case appeared within days launch update smooth issue feels delicate hand rs49 cover good enough wrongly ordered black set blue 49 reorder blue one well called samsung store information availability date still call themfeedback feels good hand use powerhouse feel update days use dont doubt nowgo without doubt,5,best thing get price reputed brand made india tag first time ordered first day online launch happy im writing days usage different experience samsung consistent compared mobile brands ive used earliergood android 10 beautiful looks finally delete sms notification display excellent blue light filter performance good heating lagging real racing worked fine 6000 mah battery big 128 gb storage pretty good 512 gb card supported dedicated external card slot dedicated sim slots support lte fast charging 15w charger top phone phone came 0 charge charged fast mobile speakers sound good prefer external speakers better bass music camera really good macro performance good look skin tatoo photo dust perticles deskphone photo photos m31 phone front rear camera support fhd video 3840x2160 may require carry dslr everyehere face unlock figureprint sensor response good received next day 11 good thin ok doesnt samsung dex started boot screen gave little shock selected reboot option every thing smooth android updated many application updates normal case appeared within days launch update smooth issue feels delicate hand rs49 cover good enough wrongly ordered black set blue 49 reorder blue one well called samsung store information availability date still call themfeedback feels good hand use powerhouse feel update days use dont doubt nowgo without doubt,Positive
502,"Samsung Galaxy M31 (Ocean Blue, 6GB RAM, 128GB Storage)",B07HGGYWL6,"
poor camera
", 3rd class front camera 32 mp front camera n looks like 2mp front camera disappointed kind front camera need refund,1,3rd class front camera 32 mp front camera n looks like 2mp front camera disappointed kind front camera need refund,Negative
503,"Samsung Galaxy M31 (Ocean Blue, 6GB RAM, 128GB Storage)",B07HGGYWL6,"
false ads poor camera quality inefficient battery management
", lets begin obvious phones quality doesnt meet claims madecons1 camera quality picture quality awful worse 8mp camera pixelization obvious definitely 64mp camera believe claims samsung might make quad camera use macro camera reminds decade vga cameras common2 battery samsung may claim battery last two days didnt last long netflix prime video heavy games used makes two biggest features useless3 amazons policy case dont like phone amazon made sure stuck switch 10 day return policy 10 day replacement policy dowright wrong hold onto shutters physical mobile stores days yet request replacement inspection phone buyers site understand fact replacement occur almost 10th day purchase still keeps uneasepros1 display screen quality good adjustment options warm light cold light2 performance streaming videos playing heavy games smooth first 4 days samsung known fast deterioration performance keep eyes ears open3 sound speaker quality okay upto mark noisy place fail hear crispness boom,1,lets begin obvious phones quality doesnt meet claims madecons1 camera quality picture quality awful worse 8mp camera pixelization obvious definitely 64mp camera believe claims samsung might make quad camera use macro camera reminds decade vga cameras common2 battery samsung may claim battery last two days didnt last long netflix prime video heavy games used makes two biggest features useless3 amazons policy case dont like phone amazon made sure stuck switch 10 day return policy 10 day replacement policy dowright wrong hold onto shutters physical mobile stores days yet request replacement inspection phone buyers site understand fact replacement occur almost 10th day purchase still keeps uneasepros1 display screen quality good adjustment options warm light cold light2 performance streaming videos playing heavy games smooth first 4 days samsung known fast deterioration performance keep eyes ears open3 sound speaker quality okay upto mark noisy place fail hear crispness boom,Negative
504,"Samsung Galaxy M31 (Ocean Blue, 6GB RAM, 128GB Storage)",B07HGGYWL6,"
inferior quality built
", using 3 days 6000 mah battery name work 1125 days moderate usage64mp camera doesnt support zoom camera doesnt support 60fps video recordingbuild quality good plastic back lots figure prints minutes handling look new secondsface unlock slowheat issue charging heavy usagefull charge takes 3 hrswould recommend buy looking good camera phonego brands like oppo redmi giving much better quality,1,using 3 days 6000 mah battery name work 1125 days moderate usage64mp camera doesnt support zoom camera doesnt support 60fps video recordingbuild quality good plastic back lots figure prints minutes handling look new secondsface unlock slowheat issue charging heavy usagefull charge takes 3 hrswould recommend buy looking good camera phonego brands like oppo redmi giving much better quality,Negative
505,"Samsung Galaxy M31 (Ocean Blue, 6GB RAM, 128GB Storage)",B07HGGYWL6,"
serious issue
", phone wrapped dust although seal packed still many dust screen back side shows security concerns amazon samsung seller must draw attention dust reached seal packed box im lacking trust amazonsamsung seller either phone used components might replaced brand new phonethere exists dusts built factory shows playing customer productphone nice large battery backup 2 days 64 display big camera perfect 6gb ram enough daily usage things good heating issuehowever concern dust came brand newso could give 5 starbut 1 enoughbeware amazonsamsung seller,1,phone wrapped dust although seal packed still many dust screen back side shows security concerns amazon samsung seller must draw attention dust reached seal packed box im lacking trust amazonsamsung seller either phone used components might replaced brand new phonethere exists dusts built factory shows playing customer productphone nice large battery backup 2 days 64 display big camera perfect 6gb ram enough daily usage things good heating issuehowever concern dust came brand newso could give 5 starbut 1 enoughbeware amazonsamsung seller,Negative
506,"Samsung Galaxy M31 (Ocean Blue, 6GB RAM, 128GB Storage)",B07HGGYWL6,"
not good alll
", software working sounds media cant attend calls every 5 mints phone gone switched even though retraining option,1,software working sounds media cant attend calls every 5 mints phone gone switched even though retraining option,Negative
507,"Samsung Galaxy M31 (Ocean Blue, 6GB RAM, 128GB Storage)",B07HGGYWL6,"
samsung fair 
", phone camera good samsung says 64 mega pixel photos like 8 megapixels photo detailing good also processor upton mark time slow hang multi function use using keyboard keyboard hide automatically 1 second mobile variant 6 gb 128 gb dont waste time money ,2,phone camera good samsung says 64 mega pixel photos like 8 megapixels photo detailing good also processor upton mark time slow hang multi function use using keyboard keyboard hide automatically 1 second mobile variant 6 gb 128 gb dont waste time money,Negative
508,"Samsung Galaxy M31 (Ocean Blue, 6GB RAM, 128GB Storage)",B07HGGYWL6,"
worst phone
", camera front worst mark waste money ,1,camera front worst mark waste money,Negative
509,"Samsung Galaxy M31 (Ocean Blue, 6GB RAM, 128GB Storage)",B07HGGYWL6,"
bad product samsung
", samsung performance seems launched without proper test n trials already m30 decided buy m31 6gb got shocked see poor performance n battery life 64mp images cant sent easily someone whatsapp camera give errors n battery life worst m30 5000mh mobile heats charging,3,samsung performance seems launched without proper test n trials already m30 decided buy m31 6gb got shocked see poor performance n battery life 64mp images cant sent easily someone whatsapp camera give errors n battery life worst m30 5000mh mobile heats charging,Neutral
520,"Samsung Galaxy M31 (Ocean Blue, 6GB RAM, 128GB Storage)",B07HGGYWL6,"
m31 worst phone camera quality front 8 mp back 16 mp
", purchased phone seeing 64 mp camera usage m31 worst phone camera quality front camera 8 back camera 16 mp return option replacementgood game playing samsung amazon please dont buy mobile dont waste money heating problem charging etc really frustrated phone quality lost money buying phone,1,purchased phone seeing 64 mp camera usage m31 worst phone camera quality front camera 8 back camera 16 mp return option replacementgood game playing samsung amazon please dont buy mobile dont waste money heating problem charging etc really frustrated phone quality lost money buying phone,Negative
521,"Samsung Galaxy M31 (Ocean Blue, 6GB RAM, 128GB Storage)",B07HGGYWL6,"
best mobile value money
", mind blowing camera real monster battery look awesome fist first launch first hand,5,mind blowing camera real monster battery look awesome fist first launch first hand,Positive
523,"Samsung Galaxy M31 (Ocean Blue, 6GB RAM, 128GB Storage)",B07HGGYWL6,"
wast phone
", phone slow opinion west ur money,1,phone slow opinion west ur money,Negative
524,"Samsung Galaxy M31 (Ocean Blue, 6GB RAM, 128GB Storage)",B07HGGYWL6,"
a fab phone price
", 1 first let tell previously used moto g2 moto g4 play lenovo k8 note2 im writing review 3 days usage using 128gb version3 prosa great delivery experience amazon within 24hr delivery phone sleek stylish look atb battery backup6000mah awesome average user like lasted two days single full chargec smooth processor compared phones price range like oppo mi works like flashd brand value samsung price latest specse quad camera 64mp main camera pretty amazing photos clicked low light camera particularly helpfulf fan amoled display phone youg problem overheating usage charging4 consa 15w charger charging slow taking almost 25hrs full charge especially compared oppo vooc chargerb rugged phone might need use back cover day 15 im satisfied phone experience provides overall would totally recommend go samsung galaxy m31 price range specs brand value samsung best buy ,5,1 first let tell previously used moto g2 moto g4 play lenovo k8 note2 im writing review 3 days usage using 128gb version3 prosa great delivery experience amazon within 24hr delivery phone sleek stylish look atb battery backup6000mah awesome average user like lasted two days single full chargec smooth processor compared phones price range like oppo mi works like flashd brand value samsung price latest specse quad camera 64mp main camera pretty amazing photos clicked low light camera particularly helpfulf fan amoled display phone youg problem overheating usage charging4 consa 15w charger charging slow taking almost 25hrs full charge especially compared oppo vooc chargerb rugged phone might need use back cover day 15 im satisfied phone experience provides overall would totally recommend go samsung galaxy m31 price range specs brand value samsung best buy,Positive
525,"Samsung Galaxy M31 (Ocean Blue, 6GB RAM, 128GB Storage)",B07HGGYWL6,"
quality satisfied
", satisfied qualitydisplay quality adequatebody made plastic like materiali using mi like 6 plus pro 7 plus profor change purchased product quality mark comparing old redmi note seriesthe sound quality worstwhile making call full volume clear day purchasei planning go back mi againworst phone pls dont buynot value money,1,satisfied qualitydisplay quality adequatebody made plastic like materiali using mi like 6 plus pro 7 plus profor change purchased product quality mark comparing old redmi note seriesthe sound quality worstwhile making call full volume clear day purchasei planning go back mi againworst phone pls dont buynot value money,Negative
526,"Samsung Galaxy M31 (Ocean Blue, 6GB RAM, 128GB Storage)",B07HGGYWL6,"
faulty selfie camera video playback lagging money back
", purchased soon launched one worst decision made selfie camera blurry clicks yellow pictures phone lags playback video sudden video disappear sound continues play back camera isnt great hyped low quality body phone like plastic low quality material overall dissatisfied product amazon agreed post diagnosis saying faulty piece give refund,1,purchased soon launched one worst decision made selfie camera blurry clicks yellow pictures phone lags playback video sudden video disappear sound continues play back camera isnt great hyped low quality body phone like plastic low quality material overall dissatisfied product amazon agreed post diagnosis saying faulty piece give refund,Negative
527,"Samsung Galaxy M31 (Ocean Blue, 6GB RAM, 128GB Storage)",B07HGGYWL6,"
my real review m31 average
", hii using m31 since 632020those interested buy set please follow real review buying m311 phone display excellent good video viewing experience2 day light rear camera photos good sometimes colour yellowish bad effect image even night light low light selfie clear use night mode outdoor selfie excellent 8x digital zoom extra benefit price zoom quality bad3 4k video shot real front cameras video qualities amazing4 fingerprint scanner good face unlock average5 battery optimization good present takes around 3 hours complete charge 6 100 previously 25 hrs use high graphic app6 support secure folder knoxi think samsung required update section camera battery add secure folder app compete chinese brand like xiaomi realme poco etcthanks,4,hii using m31 since 632020those interested buy set please follow real review buying m311 phone display excellent good video viewing experience2 day light rear camera photos good sometimes colour yellowish bad effect image even night light low light selfie clear use night mode outdoor selfie excellent 8x digital zoom extra benefit price zoom quality bad3 4k video shot real front cameras video qualities amazing4 fingerprint scanner good face unlock average5 battery optimization good present takes around 3 hours complete charge 6 100 previously 25 hrs use high graphic app6 support secure folder knoxi think samsung required update section camera battery add secure folder app compete chinese brand like xiaomi realme poco etcthanks,Positive
528,"Samsung Galaxy M31 (Ocean Blue, 6GB RAM, 128GB Storage)",B07HGGYWL6,"
waste mobile waste online seller
", one worst mobile one worst brand better purchase brand except samsung1 heating issue2 second sim works 3g3 even 6gb ram works like 2gb ram phonewhen called amazon customer care said go service center telling check appits fing phone please please please dont waste moneyand last ever purchase amazon,1,one worst mobile one worst brand better purchase brand except samsung1 heating issue2 second sim works 3g3 even 6gb ram works like 2gb ram phonewhen called amazon customer care said go service center telling check appits fing phone please please please dont waste moneyand last ever purchase amazon,Negative
529,"Samsung Galaxy M31 (Ocean Blue, 6GB RAM, 128GB Storage)",B07HGGYWL6,"
too narrow long little overpriced ergonomic average sound defective piece
", consbutton position power volume highfingerprint reader highheats lotthough battery capacity high battery drains fasta lot bloatware removed loads stuff tons still lefta full charge original charger original cable quite short 0100 took 2 hours 28 minutesspeaker volume lowthe receiver causes voice drop phonecallsprosfeels lightweightnice displaythe camera decentupdate 1drained battery 0 switched charged 100 battery seems hold charge longerupdate 2outgoing voice gets cut seconds time consistently going request replacementupdate 3returned m31 found voice unclear faced voice drop put sim card old moto g5s recipient immediately recognizes much better voice quality put call 100 volume able hear least bit,2,consbutton position power volume highfingerprint reader highheats lotthough battery capacity high battery drains fasta lot bloatware removed loads stuff tons still lefta full charge original charger original cable quite short 0100 took 2 hours 28 minutesspeaker volume lowthe receiver causes voice drop phonecallsprosfeels lightweightnice displaythe camera decentupdate 1drained battery 0 switched charged 100 battery seems hold charge longerupdate 2outgoing voice gets cut seconds time consistently going request replacementupdate 3returned m31 found voice unclear faced voice drop put sim card old moto g5s recipient immediately recognizes much better voice quality put call 100 volume able hear least bit,Negative
530,"Samsung Galaxy M31 (Ocean Blue, 6GB RAM, 128GB Storage)",B07HGGYWL6,"
performance issue
", bought mobile last friday working 6th day unable receive calls unexpectedly received call getting sound cant opposite person voice voice try call someone automatically network getting disconnected reconnecting automatically minutes expect might software issue gone lot reviews maximum number people buyed mobile facing issueunable replace mobile also showing option,1,bought mobile last friday working 6th day unable receive calls unexpectedly received call getting sound cant opposite person voice voice try call someone automatically network getting disconnected reconnecting automatically minutes expect might software issue gone lot reviews maximum number people buyed mobile facing issueunable replace mobile also showing option,Negative
531,"Samsung Galaxy M31 (Ocean Blue, 6GB RAM, 128GB Storage)",B07HGGYWL6,"
i purchase 6gb 128gb
", untill using redmi note 7 proi want purchase poco x2 flash saleit stocki using sam m31 last 5 days overall impression 6000mh battery1 super amoled display price2 64 mp camera3 phones performance slow4 sine dramatic chande camera quality phone5 samsung work optemissing software increase phones performance6 redmi note 7 pro boots faster sam m31,3,untill using redmi note 7 proi want purchase poco x2 flash saleit stocki using sam m31 last 5 days overall impression 6000mh battery1 super amoled display price2 64 mp camera3 phones performance slow4 sine dramatic chande camera quality phone5 samsung work optemissing software increase phones performance6 redmi note 7 pro boots faster sam m31,Neutral
532,"Samsung Galaxy M31 (Ocean Blue, 6GB RAM, 128GB Storage)",B07HGGYWL6,"
heat charging camera issue m31
", worst mobile got samsung m31 taking time charging 100 almost 4 hours charging 20 hours battery ill train 0 waste time compare fast charging mobile camera worst,1,worst mobile got samsung m31 taking time charging 100 almost 4 hours charging 20 hours battery ill train 0 waste time compare fast charging mobile camera worst,Negative
533,"Samsung Galaxy M31 (Ocean Blue, 6GB RAM, 128GB Storage)",B07HGGYWL6,"
this duffer phone smartphone
", using 1520 days even disappointedi using poco f1 since last 15 years regret chosen move back samsungi miss pocofirst pros1 brand name think one2 display super amoled brilliant3 rear camera clicks good enough photos4 build seems decentcons1 ui big duffer samsungs smart switch pathetic attempt move contacts etc cross checked would crying2 contact list seems like using age old nokia device today3 virtual buttons arent customizable kinda innovation this4 clear apps kills current app killed game many times trying fasten idiot device5 gaming phone slows 1015 minutes anyways slow device6 front camera better age old 2mp camera image processing idiotic7 notifications idiot forgets send email notifications manually keep checking emails believe tried settings8 notification badges display badges apps pull notification bar keep checking9 dual apps idiot support dual apps messengers supported two accounts amazon amazon supported dual apps similarly two accounts manage linkedinthe use idiot device frustrates meanyone recommends samsung kindly stay away nowwhat waste money,2,using 1520 days even disappointedi using poco f1 since last 15 years regret chosen move back samsungi miss pocofirst pros1 brand name think one2 display super amoled brilliant3 rear camera clicks good enough photos4 build seems decentcons1 ui big duffer samsungs smart switch pathetic attempt move contacts etc cross checked would crying2 contact list seems like using age old nokia device today3 virtual buttons arent customizable kinda innovation this4 clear apps kills current app killed game many times trying fasten idiot device5 gaming phone slows 1015 minutes anyways slow device6 front camera better age old 2mp camera image processing idiotic7 notifications idiot forgets send email notifications manually keep checking emails believe tried settings8 notification badges display badges apps pull notification bar keep checking9 dual apps idiot support dual apps messengers supported two accounts amazon amazon supported dual apps similarly two accounts manage linkedinthe use idiot device frustrates meanyone recommends samsung kindly stay away nowwhat waste money,Negative
534,"Samsung Galaxy M31 (Ocean Blue, 6GB RAM, 128GB Storage)",B07HGGYWL6,"
nice phone
", nice phone price range,5,nice phone price range,Positive
535,"Samsung Galaxy M31 (Ocean Blue, 6GB RAM, 128GB Storage)",B07HGGYWL6,"
not mark waste money
", 1 claims 21 hour internet usage timing started using 100charged barely last 24 hour 5 hour heavy usage even turned mobile bettery saving mode point carry much heavy 191gm device around2 phone heats lot charging like cant even touch point3internet bandwith speed mobile well wifi good samsung galaxy note3 get fast internet network wanted return device strict policy cannot return replace even trying replacement wont let download balencco app app never say phone working fine could spend money buying phonebought first minute release al excitment turned seeing actual performance,2,1 claims 21 hour internet usage timing started using 100charged barely last 24 hour 5 hour heavy usage even turned mobile bettery saving mode point carry much heavy 191gm device around2 phone heats lot charging like cant even touch point3internet bandwith speed mobile well wifi good samsung galaxy note3 get fast internet network wanted return device strict policy cannot return replace even trying replacement wont let download balencco app app never say phone working fine could spend money buying phonebought first minute release al excitment turned seeing actual performance,Negative
536,"Samsung Galaxy M31 (Ocean Blue, 6GB RAM, 128GB Storage)",B07HGGYWL6,"
genuine review usage
", super satisfied excellent one made chnpros good livefocus camera shallow dof excellent samoled display great good features love using phonecons slowmotion video sucks goes dark macro lens lot distortion charging sucks needs 25hrs get full charge 6000mah good discharges 15day normal usage slight heat charging 9 10 times doesnt recognise face low light figer print reader also slippary poor mobile wifi signal scanning phone slippary hand use protective case alwaysover didnt get feel expected price range,5,super satisfied excellent one made chnpros good livefocus camera shallow dof excellent samoled display great good features love using phonecons slowmotion video sucks goes dark macro lens lot distortion charging sucks needs 25hrs get full charge 6000mah good discharges 15day normal usage slight heat charging 9 10 times doesnt recognise face low light figer print reader also slippary poor mobile wifi signal scanning phone slippary hand use protective case alwaysover didnt get feel expected price range,Positive
537,"Samsung Galaxy M31 (Ocean Blue, 6GB RAM, 128GB Storage)",B07HGGYWL6,"
it real monster
", received time within 24 hours thumps amazon product done settings using samsung long gap 810 years samsung grand stopped using setting done data transfer samsungs smart switch option fantastic everything wanted transfer got problem sim transferred done ok dual 4g volte separate slot micro sd card effortless workingnow camera got lot options yet tried sure checked quality photograph night mode superb else want know rest things written detail true working fine proud nice product samsung keep competing iphone,5,received time within 24 hours thumps amazon product done settings using samsung long gap 810 years samsung grand stopped using setting done data transfer samsungs smart switch option fantastic everything wanted transfer got problem sim transferred done ok dual 4g volte separate slot micro sd card effortless workingnow camera got lot options yet tried sure checked quality photograph night mode superb else want know rest things written detail true working fine proud nice product samsung keep competing iphone,Positive
538,"Samsung Galaxy M31 (Ocean Blue, 6GB RAM, 128GB Storage)",B07HGGYWL6,"
dont buy
", cons1 ram claims 6gb whereas 2year old phone 4gb ram much smoother display2 battery charging claims 15w fast charging takes 2 hours charge phonepros1 good cameras2 perfect screen sizei bought great deal samsung big dissappointment say cannot returned total waste money redmi note pro 8 much better price,2,cons1 ram claims 6gb whereas 2year old phone 4gb ram much smoother display2 battery charging claims 15w fast charging takes 2 hours charge phonepros1 good cameras2 perfect screen sizei bought great deal samsung big dissappointment say cannot returned total waste money redmi note pro 8 much better price,Negative
539,"Samsung Galaxy M31 (Ocean Blue, 6GB RAM, 128GB Storage)",B07HGGYWL6,"
over heat processor basic processor
", samsungi didnt expect youplastic body ok use covercorning gorella glass 3 ok use tempered protectioneven 3 hr charging time ok charge nightbut overheating deal price range companies providing super fast cool processor like snapdragon 730g fooling customers,1,samsungi didnt expect youplastic body ok use covercorning gorella glass 3 ok use tempered protectioneven 3 hr charging time ok charge nightbut overheating deal price range companies providing super fast cool processor like snapdragon 730g fooling customers,Negative
540,"Samsung Galaxy M31 (Ocean Blue, 6GB RAM, 128GB Storage)",B07HGGYWL6,"
got dead phone
", big fan samsung products today got dead phone first thought dont charging try charge phone responsei really really disappointed today thanks amazon responded quickly ordered replacement worried phone performance going handle future problem arises buy think,1,big fan samsung products today got dead phone first thought dont charging try charge phone responsei really really disappointed today thanks amazon responded quickly ordered replacement worried phone performance going handle future problem arises buy think,Negative
541,"Samsung Galaxy M31 (Ocean Blue, 6GB RAM, 128GB Storage)",B07HGGYWL6,"
dont buy seriously
", worst experience ever camera quality better 5out 2 battery fast max 3 hours taken charging 100 sometime whatsapp hangups108 gp free storage mobile heating high fingerprints 3 finger available better fingerprints first buyer launching dont buy 31 extra protection additional option simple mobilenot worthiness money,1,worst experience ever camera quality better 5out 2 battery fast max 3 hours taken charging 100 sometime whatsapp hangups108 gp free storage mobile heating high fingerprints 3 finger available better fingerprints first buyer launching dont buy 31 extra protection additional option simple mobilenot worthiness money,Negative
542,"Samsung Galaxy M31 (Ocean Blue, 6GB RAM, 128GB Storage)",B07HGGYWL6,"
about phone camera product
", first time met bad experience samsung phone camera quality poor front facing camera good comfortable 6000mahbattery lifeamazonindia destroyed goodwill selling producti purchased phone friend angry medear customer please avoid buy product,1,first time met bad experience samsung phone camera quality poor front facing camera good comfortable 6000mahbattery lifeamazonindia destroyed goodwill selling producti purchased phone friend angry medear customer please avoid buy product,Negative
543,"Samsung Galaxy M31 (Ocean Blue, 6GB RAM, 128GB Storage)",B07HGGYWL6,"
net work speed slow also charging like fast charging
", poor performance camera ok bad slow net speed opening app time relatively fast internet slow old mobile samsung max much faster performance loading web page samsung m31 phone taking much time open web site remaining everything ok fast changing far like said 30 mins charging charging 20 old samsung 30 charged time found two major drawback,1,poor performance camera ok bad slow net speed opening app time relatively fast internet slow old mobile samsung max much faster performance loading web page samsung m31 phone taking much time open web site remaining everything ok fast changing far like said 30 mins charging charging 20 old samsung 30 charged time found two major drawback,Negative
544,"Samsung Galaxy M31 (Ocean Blue, 6GB RAM, 128GB Storage)",B07HGGYWL6,"
best budget phone avg users
", one good looking phone stunning display mammoth batterypros 1 one best display segment youll feel hold phone first time 2 great battery life 6000 mah good optimisation3 sar rating lowest one4 well weight balanced considering big mammoth battery cons 1 samsung provided case along hard buy case initial days launch phone slippery finger print dust magnet 2 camera great expected 64 mp wide angle shots lacking details macro mode also great3 great processorwho buy people dont heavy gaming camera oriented looking great battery samsung branding,3,one good looking phone stunning display mammoth batterypros 1 one best display segment youll feel hold phone first time 2 great battery life 6000 mah good optimisation3 sar rating lowest one4 well weight balanced considering big mammoth battery cons 1 samsung provided case along hard buy case initial days launch phone slippery finger print dust magnet 2 camera great expected 64 mp wide angle shots lacking details macro mode also great3 great processorwho buy people dont heavy gaming camera oriented looking great battery samsung branding,Neutral
545,"Samsung Galaxy M31 (Ocean Blue, 6GB RAM, 128GB Storage)",B07HGGYWL6,"
ok product price range
", found phone mediocre performancepros1 display trust amazing love vibrant colours images videos look great amoled screen2 battery 15 days backup even heavy usage3 camera good excellentcons1 build plastic build might helped managing weight guess durability compromised2 night mode camera useless grainy inconsistent photos phones price range way better3 zoom camera photos grainy lacks clarity4 face unlock mostly doesnt work even adding alternate looksverdict buy dont like skins chinese brands one ui 20 heavy better hardware wise chinese phones better,3,found phone mediocre performancepros1 display trust amazing love vibrant colours images videos look great amoled screen2 battery 15 days backup even heavy usage3 camera good excellentcons1 build plastic build might helped managing weight guess durability compromised2 night mode camera useless grainy inconsistent photos phones price range way better3 zoom camera photos grainy lacks clarity4 face unlock mostly doesnt work even adding alternate looksverdict buy dont like skins chinese brands one ui 20 heavy better hardware wise chinese phones better,Neutral
546,"Samsung Galaxy M31 (Ocean Blue, 6GB RAM, 128GB Storage)",B07HGGYWL6,"
impressive phone keep key specs economical price
", delivery fast packing good phone started quite unusual applications even downloading wifi later couple restarts good thumps happy far ,5,delivery fast packing good phone started quite unusual applications even downloading wifi later couple restarts good thumps happy far,Positive
547,"Samsung Galaxy M31 (Ocean Blue, 6GB RAM, 128GB Storage)",B07HGGYWL6,"
review week usage
", ordered first sale comparing phones range satisfied phone want discuss pros conspros1 back camera good compared oneplus 7 samsung good issues picture quality zoom also2 powerhouse high battery life normal usage even use phone 2 days3 lag hanging problem till due 6gb ramcons1 front camera good expected2 finger print sensor back mounted brands offering screen fingerprint sensors range disappointed main reason 4 3 handset configured like conplex android even many built apps app lock apps seems complex,4,ordered first sale comparing phones range satisfied phone want discuss pros conspros1 back camera good compared oneplus 7 samsung good issues picture quality zoom also2 powerhouse high battery life normal usage even use phone 2 days3 lag hanging problem till due 6gb ramcons1 front camera good expected2 finger print sensor back mounted brands offering screen fingerprint sensors range disappointed main reason 4 3 handset configured like conplex android even many built apps app lock apps seems complex,Positive
548,"Samsung Galaxy M31 (Ocean Blue, 6GB RAM, 128GB Storage)",B07HGGYWL6,"
good phone price
", camera pictures hv yellow tinge makes orange look like yellow red look like orange returned first phone thinking might defective piecebut second phone also problem almost returned second phone also figured problem camera display setting color correction mode default gave yellow tinge anything see phone screenif face problem pl go display setting search color correction put phone wl return normal colorsi using last 3 days quite satisfied phone battery lasted 2 days gamesmusicvideos hoping battery performance wl improve dayscamera pictures goodlots bloatware come samsung uninstall disable manually,5,camera pictures hv yellow tinge makes orange look like yellow red look like orange returned first phone thinking might defective piecebut second phone also problem almost returned second phone also figured problem camera display setting color correction mode default gave yellow tinge anything see phone screenif face problem pl go display setting search color correction put phone wl return normal colorsi using last 3 days quite satisfied phone battery lasted 2 days gamesmusicvideos hoping battery performance wl improve dayscamera pictures goodlots bloatware come samsung uninstall disable manually,Positive
549,"Samsung Galaxy M31 (Ocean Blue, 6GB RAM, 128GB Storage)",B07HGGYWL6,"
front cemera
", use front cem iam happy,3,use front cem iam happy,Neutral
550,"Samsung Galaxy M31 (Ocean Blue, 6GB RAM, 128GB Storage)",B07HGGYWL6,"
good perfect
", display quality good one thing dont like camera cant use flash light take shots 64 mp lens low light photographs also upto mark rest everything fine,4,display quality good one thing dont like camera cant use flash light take shots 64 mp lens low light photographs also upto mark rest everything fine,Positive
551,"Samsung Galaxy M31 (Ocean Blue, 6GB RAM, 128GB Storage)",B07HGGYWL6,"
bad camara slow charging impressive design recommended
", using redmi 5 pro prior feel phone quite better thiscamara though mentions 64 mp camara failed impress click using front camara takes 23 seconds hold time clicking picture flash front camaraduring operation didnt find phone user friendlythe disappointing thing time takes charging claim super fast charging even slower note 5 pro 1 hr charges something around 2530design attractive doesnt feel like new phonenot recommend may go go mi realme trusted samsung eventually didnt fulfilled expectations,1,using redmi 5 pro prior feel phone quite better thiscamara though mentions 64 mp camara failed impress click using front camara takes 23 seconds hold time clicking picture flash front camaraduring operation didnt find phone user friendlythe disappointing thing time takes charging claim super fast charging even slower note 5 pro 1 hr charges something around 2530design attractive doesnt feel like new phonenot recommend may go go mi realme trusted samsung eventually didnt fulfilled expectations,Negative
552,"Samsung Galaxy M31 (Ocean Blue, 6GB RAM, 128GB Storage)",B07HGGYWL6,"
worst mobiledont buygo redmi
", bad mobile heating hanging problem amazon refunding even mobile problem dont buy mobile go redmi mobile camera quality worst many things supported anyone want take mobile please let know reduce amount buy 7 days battery good worst samsung must quit making mobile,1,bad mobile heating hanging problem amazon refunding even mobile problem dont buy mobile go redmi mobile camera quality worst many things supported anyone want take mobile please let know reduce amount buy 7 days battery good worst samsung must quit making mobile,Negative
553,"Samsung Galaxy M31 (Ocean Blue, 6GB RAM, 128GB Storage)",B07HGGYWL6,"
samsung galaxy m31 space black 6gb ram 128gb storage
", bought samsung galaxy m31 space black 6gb ram 128gb storage really awesome mobile works quickly fast secure fingerprint reader fast mid range mobile highly configuration battery life issues 2 days using even internet browse playing online games camera auality review night camera photos happy day time taken pictures really good night camera pictures dont face issues till nowi recommended friends company colleagues family members buy product bought product words really happy samsung galaxy m31 mobilethank much samsung team members worked product mid range people guys awesome,5,bought samsung galaxy m31 space black 6gb ram 128gb storage really awesome mobile works quickly fast secure fingerprint reader fast mid range mobile highly configuration battery life issues 2 days using even internet browse playing online games camera auality review night camera photos happy day time taken pictures really good night camera pictures dont face issues till nowi recommended friends company colleagues family members buy product bought product words really happy samsung galaxy m31 mobilethank much samsung team members worked product mid range people guys awesome,Positive
554,"Samsung Galaxy M31 (Ocean Blue, 6GB RAM, 128GB Storage)",B07HGGYWL6,"
good phone slightly disappointing issues
", cons1 notifications light2 large icons3 preinstalled app lock install secure achieve lock symbols locked app4 ringtone volume loud5 back cover provided6 camera great expected 64mppros1 screen quality2 ram management3 smooth performance4 battery performance 12 hrs usage still 60 remaining battery 5 hours screen time5 looks pretty good6 samsung brand,4,cons1 notifications light2 large icons3 preinstalled app lock install secure achieve lock symbols locked app4 ringtone volume loud5 back cover provided6 camera great expected 64mppros1 screen quality2 ram management3 smooth performance4 battery performance 12 hrs usage still 60 remaining battery 5 hours screen time5 looks pretty good6 samsung brand,Positive
555,"Samsung Galaxy M31 (Ocean Blue, 6GB RAM, 128GB Storage)",B07HGGYWL6,"
worst mobile dont waste money
", first would like express experience mobile tooooooo worst never performed like 6gb ram mobile working like 512kb ram ram mobile another great backdrop bluetooth connectivity meets atleast basic phone another thing speakerthis one also poor batter charging backup also cant compare another brands present market took worsti already requested amazon return phone smoothly refuesed request chance return per termsfinally dear want buy product strongly recommend dont buy mobile dont waste money,1,first would like express experience mobile tooooooo worst never performed like 6gb ram mobile working like 512kb ram ram mobile another great backdrop bluetooth connectivity meets atleast basic phone another thing speakerthis one also poor batter charging backup also cant compare another brands present market took worsti already requested amazon return phone smoothly refuesed request chance return per termsfinally dear want buy product strongly recommend dont buy mobile dont waste money,Negative
556,"Samsung Galaxy M31 (Ocean Blue, 6GB RAM, 128GB Storage)",B07HGGYWL6,"
fraud samsung
", 1camera 3852performance 3053battery backup 275battery doesnot prove 6000mahcharge time quiq agreedbutdrains fastfeels like capacity 4000mahmy reivew im submitting week observed usagemy major point selecting mobile batterythey assured 6000mah fact get 4000mah worthfullnessif ur looking 6000mah battery mobile worst choicebadly feel like cheated samsung,1,1camera 3852performance 3053battery backup 275battery doesnot prove 6000mahcharge time quiq agreedbutdrains fastfeels like capacity 4000mahmy reivew im submitting week observed usagemy major point selecting mobile batterythey assured 6000mah fact get 4000mah worthfullnessif ur looking 6000mah battery mobile worst choicebadly feel like cheated samsung,Negative
557,"Samsung Galaxy M31 (Ocean Blue, 6GB RAM, 128GB Storage)",B07HGGYWL6,"
honest review user
", lets get straight ponit main motive play graphic intensive games pubgcodasphaltetc back button top left though samsung m31 good phone phones price range better gamingbutalso read rest performancethe combination m31 processor exynos9611 operating system one ui 20 give level performace youd think device flagship phone clean fast optimize feels premium daily uses displaythe super amoled display use m31 display samsung used thier flagship phones eye pleasing colour production amazing find display equal price rangeif dont mind high refresh rate displays amoled like m31 battery chargingthe m31 got highest amount battery among phones ive heard including midrange flagships many online reviews charging speed criticized many reviewers using think kinda exaggerating barely let phone battery die till charge normal uses charge around 2030 gets fully charged within hour 45 minutes still surprisingly good considering battery size getcameracamera field m31 shines amongst midrange competitors 64mp primary camera 8mp ultra wide 5mp depth sensor 5mp macro lens gives perfect combination monster phone dont get fooled numbers mega pixels end device processes pictures matters samsung m31 particularly nailed image processingmeanwhile videos captured cameras still average best price rangeconclusionthe samsung m31 one overall balance phone midrange devices upgrade one field needed compromise downgrade every phones pros cons matter brand considering ups downs m31 still makes value money purchasethank youif question regardingthis device always drop comment,5,lets get straight ponit main motive play graphic intensive games pubgcodasphaltetc back button top left though samsung m31 good phone phones price range better gamingbutalso read rest performancethe combination m31 processor exynos9611 operating system one ui 20 give level performace youd think device flagship phone clean fast optimize feels premium daily uses displaythe super amoled display use m31 display samsung used thier flagship phones eye pleasing colour production amazing find display equal price rangeif dont mind high refresh rate displays amoled like m31 battery chargingthe m31 got highest amount battery among phones ive heard including midrange flagships many online reviews charging speed criticized many reviewers using think kinda exaggerating barely let phone battery die till charge normal uses charge around 2030 gets fully charged within hour 45 minutes still surprisingly good considering battery size getcameracamera field m31 shines amongst midrange competitors 64mp primary camera 8mp ultra wide 5mp depth sensor 5mp macro lens gives perfect combination monster phone dont get fooled numbers mega pixels end device processes pictures matters samsung m31 particularly nailed image processingmeanwhile videos captured cameras still average best price rangeconclusionthe samsung m31 one overall balance phone midrange devices upgrade one field needed compromise downgrade every phones pros cons matter brand considering ups downs m31 still makes value money purchasethank youif question regardingthis device always drop comment,Positive
558,"Samsung Galaxy M31 (Ocean Blue, 6GB RAM, 128GB Storage)",B07HGGYWL6,"
great 
", update 1 ai scene detection really enhances colours camera quite commendable according price comparing oneplus 7t also got case amazon 59 unbelievable attaching pictures reference update near future found anything worth updatinggreat specs great value got 128 gb variant single con back panel scratches easily unboxing phone using hour could see minute scratches would recommend get skin also youre thinking cases available market right new product might take time due outbreak coronavirus therefore applied transparent skinalso another thing length charging cable short opinion,4,update 1 ai scene detection really enhances colours camera quite commendable according price comparing oneplus 7t also got case amazon 59 unbelievable attaching pictures reference update near future found anything worth updatinggreat specs great value got 128 gb variant single con back panel scratches easily unboxing phone using hour could see minute scratches would recommend get skin also youre thinking cases available market right new product might take time due outbreak coronavirus therefore applied transparent skinalso another thing length charging cable short opinion,Positive
559,"Samsung Galaxy M31 (Ocean Blue, 6GB RAM, 128GB Storage)",B07HGGYWL6,"
not satisfied
", disappointed samsung many year decided back samsung truly disappointed software performance worst heating issue camera performance pathetic worst part amazon policy cant return moreover even replace easily need install app surprise problems face shall found ok software difficult situationwhat domy strong recommendation go samsung m31,1,disappointed samsung many year decided back samsung truly disappointed software performance worst heating issue camera performance pathetic worst part amazon policy cant return moreover even replace easily need install app surprise problems face shall found ok software difficult situationwhat domy strong recommendation go samsung m31,Negative
560,"Samsung Galaxy M31 (Ocean Blue, 6GB RAM, 128GB Storage)",B07HGGYWL6,"
faulty product hanging issue working 10 days buy
", dear amazon teami delivered faulty product 15 days buying product showing hang issue phone dead restart customer care replying poor service need replacement phone immediately,1,dear amazon teami delivered faulty product 15 days buying product showing hang issue phone dead restart customer care replying poor service need replacement phone immediately,Negative
561,"Samsung Galaxy M31 (Ocean Blue, 6GB RAM, 128GB Storage)",B07HGGYWL6,"
camara quality bad
", camara bad sound clarity good though looks like premium phone started using makes feel bought cheap quality product gets frequently stuck restarts reason,1,camara bad sound clarity good though looks like premium phone started using makes feel bought cheap quality product gets frequently stuck restarts reason,Negative
562,"Samsung Galaxy M31 (Ocean Blue, 6GB RAM, 128GB Storage)",B07HGGYWL6,"
awesome camera value money go it
", ordered samsung galaxy m31 within 5 minutes sale starts really impressed quality camera 4 back cameras working great wide angle feature great live focus macro slowmotion features awesome front camera good captures photo well types lightning background battery backup good 100 20 around 30 hours average usage screen resolution touch good go budget less 16k looking awesome camera screen resolutionafter 2 months usage battery charging takes 3 hours 30 100 even though shows fast charging battery draining quickly using mobile hotspotphone heating much kid fearing take phone heating issue dont know whether pros cons think buying phone,5,ordered samsung galaxy m31 within 5 minutes sale starts really impressed quality camera 4 back cameras working great wide angle feature great live focus macro slowmotion features awesome front camera good captures photo well types lightning background battery backup good 100 20 around 30 hours average usage screen resolution touch good go budget less 16k looking awesome camera screen resolutionafter 2 months usage battery charging takes 3 hours 30 100 even though shows fast charging battery draining quickly using mobile hotspotphone heating much kid fearing take phone heating issue dont know whether pros cons think buying phone,Positive
563,"Samsung Galaxy M31 (Ocean Blue, 6GB RAM, 128GB Storage)",B07HGGYWL6,"
dont purchase m31
", apart battrey screen nothing good front facing camera per specs 32mp u go high resolution show 21mp totally crap samsung j7s 8mp far better one terms front camera fraud samsungfinger prnt reader able detect times,2,apart battrey screen nothing good front facing camera per specs 32mp u go high resolution show 21mp totally crap samsung j7s 8mp far better one terms front camera fraud samsungfinger prnt reader able detect times,Negative
564,"Samsung Galaxy M31 (Ocean Blue, 6GB RAM, 128GB Storage)",B07HGGYWL6,"
worst amzon service product samsung battery performance poordont take online
", hi guys dont buy product battery performance bad taking 45 hrs charginga getting complete less 1day eventhough dont use much videos games heating issue also moreover asked replacement within 10 days amazon keeping one useless mediating activity called phone inspection send person basic knowledge phone software nonsense technician means professional carry tools test phone nothing iwas simply reset phone starting checking charging properly means everytime reset phone charge reinstall bad service amazon products selling defective pieces better buy directly samsung showroom dont go second time facing issue samsungits big flop ur products,1,hi guys dont buy product battery performance bad taking 45 hrs charginga getting complete less 1day eventhough dont use much videos games heating issue also moreover asked replacement within 10 days amazon keeping one useless mediating activity called phone inspection send person basic knowledge phone software nonsense technician means professional carry tools test phone nothing iwas simply reset phone starting checking charging properly means everytime reset phone charge reinstall bad service amazon products selling defective pieces better buy directly samsung showroom dont go second time facing issue samsungits big flop ur products,Negative
565,"Samsung Galaxy M31 (Ocean Blue, 6GB RAM, 128GB Storage)",B07HGGYWL6,"
worst smartphone dont waste 15k here
", please assure u experience phone either friends samsung shop horrible product screen yellow color trying settings one also touch doesnt work time get stuck phone get lock also display touches automatically open app times whole problem screen thats ur going use time hence really u want samsung phone go buy offline model online model scam work well first day worked fine soon started using primary device issues started coming also battery issues 6000 mah battery giving 4he screen time sometimes even less low usage game videos watch play hope helps u still waiting technical come check product supposed come today yet came scheduled later bad product support,1,please assure u experience phone either friends samsung shop horrible product screen yellow color trying settings one also touch doesnt work time get stuck phone get lock also display touches automatically open app times whole problem screen thats ur going use time hence really u want samsung phone go buy offline model online model scam work well first day worked fine soon started using primary device issues started coming also battery issues 6000 mah battery giving 4he screen time sometimes even less low usage game videos watch play hope helps u still waiting technical come check product supposed come today yet came scheduled later bad product support,Negative
566,"Samsung Galaxy M31 (Ocean Blue, 6GB RAM, 128GB Storage)",B07HGGYWL6,"
disappointing 6000 mah battery performance good amoled display
", 2 months usagethe advantage amoled displayperformance phone parbattery also disappointing far 6000 mah given last whole dayi using 3500 mah phone earlier almost lasted 6000 mah last much longer optimisedphone also gets heated sometimes even normal usage gamesalso build quality standard range looks ok actually cheap plastics make sounds feel fingersmany scratches back 2 months usagematerial goodi find fast enough 6 gb ramprocessor slow call dialing normal features also run slow phonecamera also goodto sum camera battery performance standards disappointing good id amoled display,3,2 months usagethe advantage amoled displayperformance phone parbattery also disappointing far 6000 mah given last whole dayi using 3500 mah phone earlier almost lasted 6000 mah last much longer optimisedphone also gets heated sometimes even normal usage gamesalso build quality standard range looks ok actually cheap plastics make sounds feel fingersmany scratches back 2 months usagematerial goodi find fast enough 6 gb ramprocessor slow call dialing normal features also run slow phonecamera also goodto sum camera battery performance standards disappointing good id amoled display,Neutral
567,"Samsung Galaxy M31 (Ocean Blue, 6GB RAM, 128GB Storage)",B07HGGYWL6,"
totally waste
", dear pls dont pay product heating issue slow charging time 530 hours full charge slow proper working sensorso pls dont pay waste money,1,dear pls dont pay product heating issue slow charging time 530 hours full charge slow proper working sensorso pls dont pay waste money,Negative
568,"Samsung Galaxy M31 (Ocean Blue, 6GB RAM, 128GB Storage)",B07HGGYWL6,"
for battery performance 5 star ui 3 star
", hii purchased phone days back far quite happy battery life jio connections volteon wifi mobile data phone performs good approx 20 hrs usage mobile data 8 hrs corner jio signal low works like charmon wifi says 100 even 5 hrs usage 20 min also gooddefinitely samsung bloatware apps cant uninstallhowever dont like uilauncher one worst looking icons hope samsung reading 3 stars thissome missing features price everyone else providing1 led flash missed messagescals etc2 led flash incoming calls3 reminders goals missing calendar4 apps samsung proprietary contacts calls messages calendar etc5 camera good bright light outside good inside room even good lighting seems like needs high lighting,4,hii purchased phone days back far quite happy battery life jio connections volteon wifi mobile data phone performs good approx 20 hrs usage mobile data 8 hrs corner jio signal low works like charmon wifi says 100 even 5 hrs usage 20 min also gooddefinitely samsung bloatware apps cant uninstallhowever dont like uilauncher one worst looking icons hope samsung reading 3 stars thissome missing features price everyone else providing1 led flash missed messagescals etc2 led flash incoming calls3 reminders goals missing calendar4 apps samsung proprietary contacts calls messages calendar etc5 camera good bright light outside good inside room even good lighting seems like needs high lighting,Positive
569,"Samsung Galaxy M31 (Ocean Blue, 6GB RAM, 128GB Storage)",B07HGGYWL6,"
love samsung m31 mega monster
", samsung m31 best ever mobile found till 6000 mah monster battery superb 64 mp quad camera samoled amazing display 6gb ram 128gb rom quick fingerprint reader many personally feel mobile made people need great battery camera lots space storing many documents videos required student watch lots lecture mobile everyone need good mobile battery present mobile except samsung m31 student friendly budget unbelieveable mobile wonderful features within rs 15999 company given many things making forever customer samsung really thankful samsung team designing amazing mobile us although company send earphone mobile samsung hadnt delivered till sad use local earphone amazing samsung m31 mobile,5,samsung m31 best ever mobile found till 6000 mah monster battery superb 64 mp quad camera samoled amazing display 6gb ram 128gb rom quick fingerprint reader many personally feel mobile made people need great battery camera lots space storing many documents videos required student watch lots lecture mobile everyone need good mobile battery present mobile except samsung m31 student friendly budget unbelieveable mobile wonderful features within rs 15999 company given many things making forever customer samsung really thankful samsung team designing amazing mobile us although company send earphone mobile samsung hadnt delivered till sad use local earphone amazing samsung m31 mobile,Positive
570,"Samsung Galaxy M31 (Ocean Blue, 6GB RAM, 128GB Storage)",B07HGGYWL6,"
honest review
", using 4 days mobile pros consproscamera highlight phoneamazing battery backupbeautiful screenwidevine l1 dolby atmosclean professional one ui graphics really cool really nice featuresno lags nowconsno stabilization 4k video recordingdesign greatnot recommended gameswill update review using extensively,4,using 4 days mobile pros consproscamera highlight phoneamazing battery backupbeautiful screenwidevine l1 dolby atmosclean professional one ui graphics really cool really nice featuresno lags nowconsno stabilization 4k video recordingdesign greatnot recommended gameswill update review using extensively,Positive
571,"Samsung Galaxy M31 (Ocean Blue, 6GB RAM, 128GB Storage)",B07HGGYWL6,"
very bed mobile
", bed bettery backup,1,bed bettery backup,Negative
572,"Samsung Galaxy M31 (Ocean Blue, 6GB RAM, 128GB Storage)",B07HGGYWL6,"
amazing bang buck 55
", great piece great price phone people want phone premium brand samoled display great set cameras decent processor best low sar value dont use phone gaming day day use media consumption great watch full hd movies fhd super crisp super amoled display great 64mp camera takes great shots wide angle amazing compared competitors price segment massive 6000mah battery lasts phone used fast charger decent enough charge massive battery within 2 hours 0 guess best budget phone,5,great piece great price phone people want phone premium brand samoled display great set cameras decent processor best low sar value dont use phone gaming day day use media consumption great watch full hd movies fhd super crisp super amoled display great 64mp camera takes great shots wide angle amazing compared competitors price segment massive 6000mah battery lasts phone used fast charger decent enough charge massive battery within 2 hours 0 guess best budget phone,Positive
573,"Samsung Galaxy M31 (Ocean Blue, 6GB RAM, 128GB Storage)",B07HGGYWL6,"
worst display serious issue
", hi whoever planning buy m31 please dont serious display issue showing lite pink rotating less 1 inch dimension showing exact color otherwise direct view showing pink half showing one color half display another color taking return product used samsung thinking never buy anymore want return replacement amazon,1,hi whoever planning buy m31 please dont serious display issue showing lite pink rotating less 1 inch dimension showing exact color otherwise direct view showing pink half showing one color half display another color taking return product used samsung thinking never buy anymore want return replacement amazon,Negative
574,"Samsung Galaxy M31 (Ocean Blue, 6GB RAM, 128GB Storage)",B07HGGYWL6,"
if u r buying phone battery camera
", worst batteryits takes 253 hours fully charge may 33 hours battery life okay offen hands scrolling whatsapp instagram screen gets black every day 5 10 secondscamera goodm series total goodearlier bought m20 got sick 12 days company says replacement service service also repaired got hanging problem m20 useless,1,worst batteryits takes 253 hours fully charge may 33 hours battery life okay offen hands scrolling whatsapp instagram screen gets black every day 5 10 secondscamera goodm series total goodearlier bought m20 got sick 12 days company says replacement service service also repaired got hanging problem m20 useless,Negative
575,"Samsung Galaxy M31 (Ocean Blue, 6GB RAM, 128GB Storage)",B07HGGYWL6,"
good
", using one week experience samsung galaxy m31pros attractive designscreen size handy 64 inchgood cameraboth selfie main 32mp 64 mpconsphone heating muchit heats always charginggaming using internetcharging sloweven 6000 mah battery drains fastin standby position also comes 100 80 overnightvery disappointingif fixed updates update reviewafter two weeks usage updatingafter writing samsung members suggested changes settingsnow mobile performing wellafter 2 months addingafter updating two times heating issuebattery lasts two days even full day usesatisfied,4,using one week experience samsung galaxy m31pros attractive designscreen size handy 64 inchgood cameraboth selfie main 32mp 64 mpconsphone heating muchit heats always charginggaming using internetcharging sloweven 6000 mah battery drains fastin standby position also comes 100 80 overnightvery disappointingif fixed updates update reviewafter two weeks usage updatingafter writing samsung members suggested changes settingsnow mobile performing wellafter 2 months addingafter updating two times heating issuebattery lasts two days even full day usesatisfied,Positive
576,"Samsung Galaxy M31 (Ocean Blue, 6GB RAM, 128GB Storage)",B07HGGYWL6,"
poor quality according battery camera
", bad ever phone buy going return back youtube channels 10hrs continue battery reality poor battery performance play game reduce 30percent battery every bad performance camera quality shown youtubers reality 64mp doesnt evn give 40percentpoor fake quality display samsung always right ,1,bad ever phone buy going return back youtube channels 10hrs continue battery reality poor battery performance play game reduce 30percent battery every bad performance camera quality shown youtubers reality 64mp doesnt evn give 40percentpoor fake quality display samsung always right,Negative
577,"Samsung Galaxy M31 (Ocean Blue, 6GB RAM, 128GB Storage)",B07HGGYWL6,"
sorry amazon samsung
", sorry time amazon samsung really disappointed mei bought samsung m30 m30 earlier amazon really goood great deal time disappointing shameful bought m31 megamonster soulmate really got disappointed phone really hurting mepoor camera quality like 2 megapixel cameranot 64mppoor battery like 3500mah 6000mahdont buy m31 u go m30s sorry samsung,1,sorry time amazon samsung really disappointed mei bought samsung m30 m30 earlier amazon really goood great deal time disappointing shameful bought m31 megamonster soulmate really got disappointed phone really hurting mepoor camera quality like 2 megapixel cameranot 64mppoor battery like 3500mah 6000mahdont buy m31 u go m30s sorry samsung,Negative
578,"Samsung Galaxy M31 (Ocean Blue, 6GB RAM, 128GB Storage)",B07HGGYWL6,"
great buy excellent camera battery price
", really excited phone ordered 5th march got 6th far loved heres reviewmy first impression weight good 6000mah battery phone also display excellent every movie buff love also dolby atmos soundthe rear camera phenomenal see pics getting 64 mp camera inthe ai makes stand colours really pop beautifully selfie camera 32 mp also good doesnt flash screen flash jobplayed pes 16 gb football multiplayer game works well havent faced lags far samsung ui like notification bar icons settings also easy use gives premium effectso pros conspros price camera battery display storage also dedicated memory card slotcons back design could better use separate cover doesnt make difference charging could fasterfinal thoughts phone ideal anyone looking good battery camera phone price still astounds samsung really outdone,5,really excited phone ordered 5th march got 6th far loved heres reviewmy first impression weight good 6000mah battery phone also display excellent every movie buff love also dolby atmos soundthe rear camera phenomenal see pics getting 64 mp camera inthe ai makes stand colours really pop beautifully selfie camera 32 mp also good doesnt flash screen flash jobplayed pes 16 gb football multiplayer game works well havent faced lags far samsung ui like notification bar icons settings also easy use gives premium effectso pros conspros price camera battery display storage also dedicated memory card slotcons back design could better use separate cover doesnt make difference charging could fasterfinal thoughts phone ideal anyone looking good battery camera phone price still astounds samsung really outdone,Positive
579,"Samsung Galaxy M31 (Ocean Blue, 6GB RAM, 128GB Storage)",B07HGGYWL6,"
baap power features
", bought phone soon launched month ago galaxy s10 stolen needed another phone couldnt afford get another expensive device losing one read specs m31 128gb seemed unreal decided give shot price honestly steal great battery life awesome camera pretty good aesthetic appeal toowhat course im disappointed ive needed reboot several times due phone hanging app failures couple times rebooted response jerky times nothing league series price thats really fair comparisonso youre looking monster thats pocket friendly baap would liked slightly smaller size fit pockets arm bands easily thats,5,bought phone soon launched month ago galaxy s10 stolen needed another phone couldnt afford get another expensive device losing one read specs m31 128gb seemed unreal decided give shot price honestly steal great battery life awesome camera pretty good aesthetic appeal toowhat course im disappointed ive needed reboot several times due phone hanging app failures couple times rebooted response jerky times nothing league series price thats really fair comparisonso youre looking monster thats pocket friendly baap would liked slightly smaller size fit pockets arm bands easily thats,Positive
580,"Samsung Galaxy M31 (Ocean Blue, 6GB RAM, 128GB Storage)",B07HGGYWL6,"
best spec mobile lowest sar value 15k
", phones 15k lowest sar value radiation levelsnow days marketing strategy around adding ram storage camera well hardware performance optimised integrated motherboard os clearly shows difference using phoneselse phones work provided similar spec hardwarefinally decided buy model multiple reviews device comparison phones 15k top brandsinfact first samsung phonewhile configuration received security patch ui updatesfrom user experience lenovo redmi azus samsung seems incomparable brandssince frameless case yet delivered using carefullysuper happy user since 3days complaints regret buying phone,5,phones 15k lowest sar value radiation levelsnow days marketing strategy around adding ram storage camera well hardware performance optimised integrated motherboard os clearly shows difference using phoneselse phones work provided similar spec hardwarefinally decided buy model multiple reviews device comparison phones 15k top brandsinfact first samsung phonewhile configuration received security patch ui updatesfrom user experience lenovo redmi azus samsung seems incomparable brandssince frameless case yet delivered using carefullysuper happy user since 3days complaints regret buying phone,Positive
581,"Samsung Galaxy M31 (Ocean Blue, 6GB RAM, 128GB Storage)",B07HGGYWL6,"
dont buy poor quality 
", poor quality phone touch stopped responding areas suddenly didnt expected samsung able use month tried connecting customer service asked go service center opens lockdown asking whether warranty period would extended due completely denied feeling cheated dont buy phone ,1,poor quality phone touch stopped responding areas suddenly didnt expected samsung able use month tried connecting customer service asked go service center opens lockdown asking whether warranty period would extended due completely denied feeling cheated dont buy phone,Negative
582,"Samsung Galaxy M31 (Ocean Blue, 6GB RAM, 128GB Storage)",B07HGGYWL6,"
best class exceptions
", samsung created enough hype got many stars youtube reviewers sing loud praises product enough positive data repeat thatthis undoubtedly one best midrangers glaring shortcomings minor major flawsfirst thing note back panel prone scratches smudges samsung could provided case made arrangements ship device selection cases together didnt see many phone needs case periodsecond camera good heavy post processing get right results reproduce advertised samples help tripod daytoday shots still 80 mark complaints price paid thoughthird one worst offenders one ever spoke phone antenna never seen samsung pathetic antenna pair poor software signal always 33 attenuated compared phones older nokia 8 m31 always 2 bars less signal strength place operator slips 2g easily calls frequently cracking due bad signal reception software keeps forgetting preferred network mode airtel lte auto bsnl 3g moment exit setting app resets everything lte auto auto downgrade 2g continuesif work live place even 50 signal current phones warned phone add woes simply connecting antenna design something new completely reinvented phone involve expensive materials yet samsung screwed one primary function watch fhd videos signal speeds pathetic someone screwed basic function,3,samsung created enough hype got many stars youtube reviewers sing loud praises product enough positive data repeat thatthis undoubtedly one best midrangers glaring shortcomings minor major flawsfirst thing note back panel prone scratches smudges samsung could provided case made arrangements ship device selection cases together didnt see many phone needs case periodsecond camera good heavy post processing get right results reproduce advertised samples help tripod daytoday shots still 80 mark complaints price paid thoughthird one worst offenders one ever spoke phone antenna never seen samsung pathetic antenna pair poor software signal always 33 attenuated compared phones older nokia 8 m31 always 2 bars less signal strength place operator slips 2g easily calls frequently cracking due bad signal reception software keeps forgetting preferred network mode airtel lte auto bsnl 3g moment exit setting app resets everything lte auto auto downgrade 2g continuesif work live place even 50 signal current phones warned phone add woes simply connecting antenna design something new completely reinvented phone involve expensive materials yet samsung screwed one primary function watch fhd videos signal speeds pathetic someone screwed basic function,Neutral
583,"Samsung Galaxy M31 (Ocean Blue, 6GB RAM, 128GB Storage)",B07HGGYWL6,"
a nice option use phone meant for
", review 2 days usescreen 2 goodanimations transition good wont miss hype around 90hz refresh ratesamsung os one ui 20 good personally dont like home screen using lawnchair launcher home screen docklike features oneui20games cant say dont use mobile gamingbattery charged til far goodcamera love live focus samsungboehner applied faces pic daylight pics videos awesome yet test night modecamera 10days indoor low light average let samsungthis first samsung smartphone glad bought itopinion 10 days reducing rating 3stars,3,review 2 days usescreen 2 goodanimations transition good wont miss hype around 90hz refresh ratesamsung os one ui 20 good personally dont like home screen using lawnchair launcher home screen docklike features oneui20games cant say dont use mobile gamingbattery charged til far goodcamera love live focus samsungboehner applied faces pic daylight pics videos awesome yet test night modecamera 10days indoor low light average let samsungthis first samsung smartphone glad bought itopinion 10 days reducing rating 3stars,Neutral
584,"Samsung Galaxy M31 (Ocean Blue, 6GB RAM, 128GB Storage)",B07HGGYWL6,"
better mobile best
", m31 looks identical galaxy m30s new galaxy m31 oneui 20 top android 106gb ram 64gb128gb 1000 rs differentprosm31 4 cameras back164megapixel gw1 sensor led flash28megapixel ultrawideangle lens35megapixel depth sensor45megapixel macro sensormassive 6000mah battery 15w fast charging supportbig 64inch displays amoled displaysusb typec port speaker bottomthe fingerprint scanner quick unlock face recognitionfit budgetconsplastic bodylowlight camera performancestill new couple days update later overall performance,5,m31 looks identical galaxy m30s new galaxy m31 oneui 20 top android 106gb ram 64gb128gb 1000 rs differentprosm31 4 cameras back164megapixel gw1 sensor led flash28megapixel ultrawideangle lens35megapixel depth sensor45megapixel macro sensormassive 6000mah battery 15w fast charging supportbig 64inch displays amoled displaysusb typec port speaker bottomthe fingerprint scanner quick unlock face recognitionfit budgetconsplastic bodylowlight camera performancestill new couple days update later overall performance,Positive
585,"Samsung Galaxy M31 (Ocean Blue, 6GB RAM, 128GB Storage)",B07HGGYWL6,"
poordont buy
", poor camera display quality 64 mp camera quality like 8 mp camera flash working 64 mp ratioand amazon also returning item vivo gives quality price range days samsung selling name quality dont buy,1,poor camera display quality 64 mp camera quality like 8 mp camera flash working 64 mp ratioand amazon also returning item vivo gives quality price range days samsung selling name quality dont buy,Negative
586,"Samsung Galaxy M31 (Ocean Blue, 6GB RAM, 128GB Storage)",B07HGGYWL6,"
worst experience samsung
", hello allhere writing review product using 20 days mobile given worst experienceafter using 20 days display working stopped working using mobileand call quality also worstunable connect calls every time restart call onesamsung service also given worst experienceno one respond issueno authorized centers pickup call respond querymy suggestions new buyers dont go productthank,1,hello allhere writing review product using 20 days mobile given worst experienceafter using 20 days display working stopped working using mobileand call quality also worstunable connect calls every time restart call onesamsung service also given worst experienceno one respond issueno authorized centers pickup call respond querymy suggestions new buyers dont go productthank,Negative
587,"Samsung Galaxy M31 (Ocean Blue, 6GB RAM, 128GB Storage)",B07HGGYWL6,"
not value moneywaste money
", camera quality good mentioned specification 64mpmobile phone gets hanged sometimesbattery back goodfacilities fitures good compared brand mobiles prize,2,camera quality good mentioned specification 64mpmobile phone gets hanged sometimesbattery back goodfacilities fitures good compared brand mobiles prize,Negative
588,"Samsung Galaxy M31 (Ocean Blue, 6GB RAM, 128GB Storage)",B07HGGYWL6,"
an underappreciated budget phone
", lots negative review led confusion buying phone worth pricedisplay awesome colors touch rsponseall goodbattery long backup even u play games around 14 hrs display time medium usagecharging bit slow takes 2 hrs 25 100camera good color production decent picture quality sony sensor dont expect quality macro nice selfie angle decent overall day day usage good pro shootersprocessor thought would biggest drawback pubg asphault runs well smoothnot hdroverall recommend phone use phone day day usageno hardcore gaming big games casual setting run well love support made india productsthank,5,lots negative review led confusion buying phone worth pricedisplay awesome colors touch rsponseall goodbattery long backup even u play games around 14 hrs display time medium usagecharging bit slow takes 2 hrs 25 100camera good color production decent picture quality sony sensor dont expect quality macro nice selfie angle decent overall day day usage good pro shootersprocessor thought would biggest drawback pubg asphault runs well smoothnot hdroverall recommend phone use phone day day usageno hardcore gaming big games casual setting run well love support made india productsthank,Positive
589,"Samsung Galaxy M31 (Ocean Blue, 6GB RAM, 128GB Storage)",B07HGGYWL6,"
a good budget smartphone
", spend first salary first day online launch happy good phone next day doorstep features would like phoneso pros6000 mah battery64mp quad rear camera32 mp front camera6gb ramfast chargingsmooth touch displaypopup view featureandroid 104k video recordingfastest face unlock,5,spend first salary first day online launch happy good phone next day doorstep features would like phoneso pros6000 mah battery64mp quad rear camera32 mp front camera6gb ramfast chargingsmooth touch displaypopup view featureandroid 104k video recordingfastest face unlock,Positive
590,"Samsung Galaxy M31 (Ocean Blue, 6GB RAM, 128GB Storage)",B07HGGYWL6,"
disappointing 64mp camera
", camera expected garunteed 64mp way takes pictures ofcourse colors pictures awesome however try zoom even slightly doesnt show clearly night mode also expected gives blurr images disappointed camera camera sole reason took phone front camera usual full beauty effects hate otherwise speaking features battery looks feel display etc pretty well price although plastic feels kinda cheap ok,3,camera expected garunteed 64mp way takes pictures ofcourse colors pictures awesome however try zoom even slightly doesnt show clearly night mode also expected gives blurr images disappointed camera camera sole reason took phone front camera usual full beauty effects hate otherwise speaking features battery looks feel display etc pretty well price although plastic feels kinda cheap ok,Neutral
591,"Samsung Galaxy M31 (Ocean Blue, 6GB RAM, 128GB Storage)",B07HGGYWL6,"
worst performance quality
", dont know issue m31 devices device camera quality bad little zoom see black lines coming goingif record video 30 minutesgetting message camera responding messagenot happy audio,1,dont know issue m31 devices device camera quality bad little zoom see black lines coming goingif record video 30 minutesgetting message camera responding messagenot happy audio,Negative
592,"Samsung Galaxy M31 (Ocean Blue, 6GB RAM, 128GB Storage)",B07HGGYWL6,"
this average phone battery backup great w r speed performance
", thought may great replacement s9 plus proved wrongthis average phone 64 mega pixel thats itvery poor performance install apps 100 128 gb phone s9 plus work seamlessly 150 apps installed without performance issues except battery lifepros need buy camera use camera good battery backup selfie camera good 32 mega pixelcons toy phone someone wants play camera need look processor camera quality set office outlook applications phone gets struck ever 15 minutes doesnt even close 1 min almost phone 128 gb really waste processor cant handle much memory may good videos quality poor options capturing camera auto focus worst face reading technology even face unlock still need swipe sucks charger comes phone garbage takes 34 hours fully charge phone phone water proof pour one drop phone screen touch stop working speaker low hardly hear put hard case phone phone screen got damaged sure get replaced insurance screen flickering issuesconclusionan average model phone 64 mp camera dont see big difference s9 plus camera features needs lot improvement processor side cant compared snapdragon processors,3,thought may great replacement s9 plus proved wrongthis average phone 64 mega pixel thats itvery poor performance install apps 100 128 gb phone s9 plus work seamlessly 150 apps installed without performance issues except battery lifepros need buy camera use camera good battery backup selfie camera good 32 mega pixelcons toy phone someone wants play camera need look processor camera quality set office outlook applications phone gets struck ever 15 minutes doesnt even close 1 min almost phone 128 gb really waste processor cant handle much memory may good videos quality poor options capturing camera auto focus worst face reading technology even face unlock still need swipe sucks charger comes phone garbage takes 34 hours fully charge phone phone water proof pour one drop phone screen touch stop working speaker low hardly hear put hard case phone phone screen got damaged sure get replaced insurance screen flickering issuesconclusionan average model phone 64 mp camera dont see big difference s9 plus camera features needs lot improvement processor side cant compared snapdragon processors,Neutral
593,"Samsung Galaxy M31 (Ocean Blue, 6GB RAM, 128GB Storage)",B07HGGYWL6,"
battery consumption
", 1 0 100 taking 2 hours2 battery consuption high due default samsung apps cannot deleted also reducing performance3 possible delete netflix4 even download app samsung store upgrade google play store better directly download latest updated version google play store directly5 available ram use 32 gb due many unnecessary samsung apps allowed uninstallit first last mobile non stock android mobile earlier used 5 stock android mobiles 6 gb ram provided 48 gb availablity non required apps deleted purchasig stock android mobile good option want purchase android mobiledear samsung fault wasnt aware purchasing non stock android additional mandatory apps company push ota update device make stock android,1,1 0 100 taking 2 hours2 battery consuption high due default samsung apps cannot deleted also reducing performance3 possible delete netflix4 even download app samsung store upgrade google play store better directly download latest updated version google play store directly5 available ram use 32 gb due many unnecessary samsung apps allowed uninstallit first last mobile non stock android mobile earlier used 5 stock android mobiles 6 gb ram provided 48 gb availablity non required apps deleted purchasig stock android mobile good option want purchase android mobiledear samsung fault wasnt aware purchasing non stock android additional mandatory apps company push ota update device make stock android,Negative
594,"Samsung Galaxy M31 (Ocean Blue, 6GB RAM, 128GB Storage)",B07HGGYWL6,"
only dispaly battery premium features removed series samsung bad phone
", samsung lover fell unhappy buy series mobile feelingsamsung series bad cheap mobilei bought phone without thinking use found device havesamsung secure folder samsung pay pay mini knox security samsung pass nfc etc absence things bearable change device sometime wait mentioned facility updated software update latera simple 6000 mah battery brand lower price camera quality 64 mp equal phone battery displaybuy phone checking features,2,samsung lover fell unhappy buy series mobile feelingsamsung series bad cheap mobilei bought phone without thinking use found device havesamsung secure folder samsung pay pay mini knox security samsung pass nfc etc absence things bearable change device sometime wait mentioned facility updated software update latera simple 6000 mah battery brand lower price camera quality 64 mp equal phone battery displaybuy phone checking features,Negative
595,"Samsung Galaxy M31 (Ocean Blue, 6GB RAM, 128GB Storage)",B07HGGYWL6,"
best mobile
", use m31 last 2 months best camera quality good battery backupbest fingerprint sencer overall best mobileplease dont buy chinies brand like oppo vivo realme bakvas mobile,5,use m31 last 2 months best camera quality good battery backupbest fingerprint sencer overall best mobileplease dont buy chinies brand like oppo vivo realme bakvas mobile,Positive
596,"Samsung Galaxy M31 (Ocean Blue, 6GB RAM, 128GB Storage)",B07HGGYWL6,"
charging time jyada battery life low mick problem
", charging time switch 6 hour 51or battery life lowmaick problem,1,charging time switch 6 hour 51or battery life lowmaick problem,Negative
597,"Samsung Galaxy M31 (Ocean Blue, 6GB RAM, 128GB Storage)",B07HGGYWL6,"
dont hurry buying samsung m31
", bought samsung m31 6gb128gb model 20 days back first time hate samsung reached peaks made purchase keeping following factors 1 brand samsung2 released march 2020 felt latest model3 specs good enough budget price 17k4 cam specs4 pick chinese productbut friends telling thoughts make like m31 dont go cons 1 speaking phone going hold even though touch screen speaking2 even though havent enabled call recording calls getting recorded automatically3 worst thing upload pick watsapp status picture quality goes worst4 full charging take 3 hours used phone extensively gave charging 15 day5 vedio recording image stabilization worstthen started googling unstability phone update samsung m31 april made phone unstable research take reviews people using phone go better optioni write cons samsung please dont waste money 10 days replacement someone bought already thorough checks replace phone,1,bought samsung m31 6gb128gb model 20 days back first time hate samsung reached peaks made purchase keeping following factors 1 brand samsung2 released march 2020 felt latest model3 specs good enough budget price 17k4 cam specs4 pick chinese productbut friends telling thoughts make like m31 dont go cons 1 speaking phone going hold even though touch screen speaking2 even though havent enabled call recording calls getting recorded automatically3 worst thing upload pick watsapp status picture quality goes worst4 full charging take 3 hours used phone extensively gave charging 15 day5 vedio recording image stabilization worstthen started googling unstability phone update samsung m31 april made phone unstable research take reviews people using phone go better optioni write cons samsung please dont waste money 10 days replacement someone bought already thorough checks replace phone,Negative
598,"Samsung Galaxy M31 (Ocean Blue, 6GB RAM, 128GB Storage)",B07HGGYWL6,"
waste moneydont buy it
", weak signal antennaflash wide angle camera dont work 64mp camerabattery performance dont look like 6000mh front rear camera quality badmaking false advertisement camera battery performancedont think getting quality features rs16000if buy big fool,1,weak signal antennaflash wide angle camera dont work 64mp camerabattery performance dont look like 6000mh front rear camera quality badmaking false advertisement camera battery performancedont think getting quality features rs16000if buy big fool,Negative
599,"Samsung Galaxy M31 (Ocean Blue, 6GB RAM, 128GB Storage)",B07HGGYWL6,"
okay happened
", cant believe within month phone screen started showing lines19052020 may update went service center delhi lady manager said id need pay anything broken whats warranty asked whats gorilla glass couldnt handle pocket fall said happened reply insiders understand things theres thing gorilla vorilla normal mirror falls breaks youll pay thisi cant believe samsung making fool us years anyone else confirm insider info meanwhile rest keep bank locker,1,cant believe within month phone screen started showing lines19052020 may update went service center delhi lady manager said id need pay anything broken whats warranty asked whats gorilla glass couldnt handle pocket fall said happened reply insiders understand things theres thing gorilla vorilla normal mirror falls breaks youll pay thisi cant believe samsung making fool us years anyone else confirm insider info meanwhile rest keep bank locker,Negative
600,"Samsung Galaxy M01 (Black, 3GB RAM, 32GB Storage) with No Cost EMI/Additional Exchange Offers",B086KCCMCP,"
very chipper quality
", damaged product,1,damaged product,Negative
601,"Samsung Galaxy M01 (Black, 3GB RAM, 32GB Storage) with No Cost EMI/Additional Exchange Offers",B086KCCMCP,"
most practical phone priceless radiationhandy
", compact feel better day today normal usage good mobile users require handy good looking mobile perform task well display good practical phone price,5,compact feel better day today normal usage good mobile users require handy good looking mobile perform task well display good practical phone price,Positive
602,"Samsung Galaxy M01 (Black, 3GB RAM, 32GB Storage) with No Cost EMI/Additional Exchange Offers",B086KCCMCP,"
like phone
", nice phone samsung price display good camera awsome average battery last 1 day normal usage n necessary features got 8999 good phone 10 kas samsung last years,4,nice phone samsung price display good camera awsome average battery last 1 day normal usage n necessary features got 8999 good phone 10 kas samsung last years,Positive
603,"Samsung Galaxy M01 (Black, 3GB RAM, 32GB Storage) with No Cost EMI/Additional Exchange Offers",B086KCCMCP,"
perfect size
", gifted mother perfect size perfect placement power volume buttons dust phone opening box box sealed thing happened bought m31pros perfect size samsung brand good build quality price android 10 one ui 2cons camera average average display quality earphones box fingerprint scanner takes long time charge batterywill update review weeks,4,gifted mother perfect size perfect placement power volume buttons dust phone opening box box sealed thing happened bought m31pros perfect size samsung brand good build quality price android 10 one ui 2cons camera average average display quality earphones box fingerprint scanner takes long time charge batterywill update review weeks,Positive
604,"Samsung Galaxy M01 (Black, 3GB RAM, 32GB Storage) with No Cost EMI/Additional Exchange Offers",B086KCCMCP,"
good average use good option chinese mobile
", compare samsung panasonic mi mobile mi better terms bettery 5000mah specifications range prefer samsung brand value dont want buy chinese productsthis mobile good average use battery last 24 hour heating problem,4,compare samsung panasonic mi mobile mi better terms bettery 5000mah specifications range prefer samsung brand value dont want buy chinese productsthis mobile good average use battery last 24 hour heating problem,Positive
605,"Samsung Galaxy M01 (Black, 3GB RAM, 32GB Storage) with No Cost EMI/Additional Exchange Offers",B086KCCMCP,"
best smart phone normal usage
", smartphone handy responsive cameras good smartphones price gets job done want hand easy use smartphone quality best segmentpros1 small handy light weight2 display good3 battery capacity good4 fast responsive normal tasks5 durability plastic body looks premium extremely light durablecons1 gaming2 charging takes 3 hours 30 minutes3 cameras good compared smartphones,5,smartphone handy responsive cameras good smartphones price gets job done want hand easy use smartphone quality best segmentpros1 small handy light weight2 display good3 battery capacity good4 fast responsive normal tasks5 durability plastic body looks premium extremely light durablecons1 gaming2 charging takes 3 hours 30 minutes3 cameras good compared smartphones,Positive
606,"Samsung Galaxy M01 (Black, 3GB RAM, 32GB Storage) with No Cost EMI/Additional Exchange Offers",B086KCCMCP,"
good phone 9k
", using weeki came back samsung using redmi note feels much betterthe touch feel iss awesome fast smooth operations anroid 10 lots intelligent features price like limiting screen time app winddown function night etc camera decent normal photo sound speakers good clear conversationsthe thing might downside peoplecould compact size screen especially youre used big screens might take time get accustomed frequent movie watcheroverall much better called value money brands like redmi oppo vivo realme etc primarily winning customers offering storage battery big screen lack performancea good buy phone 9000,4,using weeki came back samsung using redmi note feels much betterthe touch feel iss awesome fast smooth operations anroid 10 lots intelligent features price like limiting screen time app winddown function night etc camera decent normal photo sound speakers good clear conversationsthe thing might downside peoplecould compact size screen especially youre used big screens might take time get accustomed frequent movie watcheroverall much better called value money brands like redmi oppo vivo realme etc primarily winning customers offering storage battery big screen lack performancea good buy phone 9000,Positive
607,"Samsung Galaxy M01 (Black, 3GB RAM, 32GB Storage) with No Cost EMI/Additional Exchange Offers",B086KCCMCP,"
waste money
", value money passable tiny phone wider enough please see length widths specification specificallyvery slow chargingnot good cameraif planning students class worthless,1,value money passable tiny phone wider enough please see length widths specification specificallyvery slow chargingnot good cameraif planning students class worthless,Negative
608,"Samsung Galaxy M01 (Black, 3GB RAM, 32GB Storage) with No Cost EMI/Additional Exchange Offers",B086KCCMCP,"
brand brand
", watching much negative reviews paid youtubers phone dare buy one guts feeling im happy phone dont get trapped numerous fragile features cheap price companies want durability,5,watching much negative reviews paid youtubers phone dare buy one guts feeling im happy phone dont get trapped numerous fragile features cheap price companies want durability,Positive
609,"Samsung Galaxy M01 (Black, 3GB RAM, 32GB Storage) with No Cost EMI/Additional Exchange Offers",B086KCCMCP,"
cheated amazon
", description said fingerprint recognition facility didnt faciity one main reasons deciding buy,1,description said fingerprint recognition facility didnt faciity one main reasons deciding buy,Negative
620,"Samsung Galaxy M01 (Black, 3GB RAM, 32GB Storage) with No Cost EMI/Additional Exchange Offers",B086KCCMCP,"
must purchase value money one excellent phone price segment
", using product last 4 days 4 day use following observations1 mobile handy2 good display hanging issues3 heating problems mobile cool even usage continuously 1 hour talking4 average camera expected performance price range5 good gui inbuilt office tools excellent6 good build quality feel premium phone build quality7 overall value money good performance ,5,using product last 4 days 4 day use following observations1 mobile handy2 good display hanging issues3 heating problems mobile cool even usage continuously 1 hour talking4 average camera expected performance price range5 good gui inbuilt office tools excellent6 good build quality feel premium phone build quality7 overall value money good performance,Positive
621,"Samsung Galaxy M01 (Black, 3GB RAM, 32GB Storage) with No Cost EMI/Additional Exchange Offers",B086KCCMCP,"
never buy total trash
", thought received second hand mobile second day screen flickered sixth day screen black mobile opening switching tried everything mobile trash never recommend want waste money buy earphones came mobile even mobile looked old hated never buy,1,thought received second hand mobile second day screen flickered sixth day screen black mobile opening switching tried everything mobile trash never recommend want waste money buy earphones came mobile even mobile looked old hated never buy,Negative
622,"Samsung Galaxy M01 (Black, 3GB RAM, 32GB Storage) with No Cost EMI/Additional Exchange Offers",B086KCCMCP,"
hangs lot mic problem within week
", mobile software problem seems within 10 days usage hangs lot also mic problem attend call caller end wont able hear need restart mobile couple time works cant use like longer run please help return product handover mobile factory reset please review help soon possible,1,mobile software problem seems within 10 days usage hangs lot also mic problem attend call caller end wont able hear need restart mobile couple time works cant use like longer run please help return product handover mobile factory reset please review help soon possible,Negative
623,"Samsung Galaxy M01 (Black, 3GB RAM, 32GB Storage) with No Cost EMI/Additional Exchange Offers",B086KCCMCP,"
value money buying samsung product contributing innovation
", bought 8990 reduced 8399 product worth price buying make purpose usage budget phone gaming dad needed phone decent battery life whatsapp official usage doesnt use anything else wanted buy samsung phone finally concluded buy thispros1 good battery life2 size big hence easy carry might con few3 doesnt heat charging normal usage though complained heating however didnt experience heating issue4 low sar 061 wkg head particularly check sar value buying5 doesnt heat normal usage depends u define normal apps dad use banking apps whatsapp youtube office use6 smooth ui7 android 10 latest security update8 good call quality even hours calling didnt heat upconscant complain coz get u pay lack fingerprint scanner slow charging name samsung include screen guard however getting samsung phone price really worth samsung quality reliabilitysamsung innovative brand spend lots money rd bring new feature pay samsung iam paying innovation buying m31 next sale samsung 4ever ,5,bought 8990 reduced 8399 product worth price buying make purpose usage budget phone gaming dad needed phone decent battery life whatsapp official usage doesnt use anything else wanted buy samsung phone finally concluded buy thispros1 good battery life2 size big hence easy carry might con few3 doesnt heat charging normal usage though complained heating however didnt experience heating issue4 low sar 061 wkg head particularly check sar value buying5 doesnt heat normal usage depends u define normal apps dad use banking apps whatsapp youtube office use6 smooth ui7 android 10 latest security update8 good call quality even hours calling didnt heat upconscant complain coz get u pay lack fingerprint scanner slow charging name samsung include screen guard however getting samsung phone price really worth samsung quality reliabilitysamsung innovative brand spend lots money rd bring new feature pay samsung iam paying innovation buying m31 next sale samsung 4ever,Positive
624,"Samsung Galaxy M01 (Black, 3GB RAM, 32GB Storage) with No Cost EMI/Additional Exchange Offers",B086KCCMCP,"
nice budget mobile
", everything looks good fingerprint available,5,everything looks good fingerprint available,Positive
625,"Samsung Galaxy M01 (Black, 3GB RAM, 32GB Storage) with No Cost EMI/Additional Exchange Offers",B086KCCMCP,"
earphone received
", hi received earphone sim card ejected pin ,3,hi received earphone sim card ejected pin,Neutral
626,"Samsung Galaxy M01 (Black, 3GB RAM, 32GB Storage) with No Cost EMI/Additional Exchange Offers",B086KCCMCP,"
headphone avilable please 
", headphone avilable phone,3,headphone avilable phone,Neutral
627,"Samsung Galaxy M01 (Black, 3GB RAM, 32GB Storage) with No Cost EMI/Additional Exchange Offers",B086KCCMCP,"
satisfied gadged
", superb device priceif budget nearly 9000 perfect gadgetu buy without looking reviews,5,superb device priceif budget nearly 9000 perfect gadgetu buy without looking reviews,Positive
628,"Samsung Galaxy M01 (Black, 3GB RAM, 32GB Storage) with No Cost EMI/Additional Exchange Offers",B086KCCMCP,"
5 5 nice photo 
", like phone much buy phone mummy happy get smart phone beautiful colour red perfect size easily carry price phone quality performance good samsung m01 thank amozon one line truly good amozon hai apki apni dukan ,5,like phone much buy phone mummy happy get smart phone beautiful colour red perfect size easily carry price phone quality performance good samsung m01 thank amozon one line truly good amozon hai apki apni dukan,Positive
629,"Samsung Galaxy M01 (Black, 3GB RAM, 32GB Storage) with No Cost EMI/Additional Exchange Offers",B086KCCMCP,"
cheap quality mobile pathetic customer service amazon
", dont buy mobile amazon fully aware abaout product buying entertain returningreplacement pathetic customer support customer care servicevery upset amazon making money india cheap policiesthey asking download waste app phone 18 rating play store asking permission personal informationand yes mobile cheap quality sold due less option indian market samsung mobile left market dont want buy chinese mobile single indian mobile available indian marketsamsung making good money cheap quality mobile phones,1,dont buy mobile amazon fully aware abaout product buying entertain returningreplacement pathetic customer support customer care servicevery upset amazon making money india cheap policiesthey asking download waste app phone 18 rating play store asking permission personal informationand yes mobile cheap quality sold due less option indian market samsung mobile left market dont want buy chinese mobile single indian mobile available indian marketsamsung making good money cheap quality mobile phones,Negative
630,"Samsung Galaxy M01 (Black, 3GB RAM, 32GB Storage) with No Cost EMI/Additional Exchange Offers",B086KCCMCP,"
it worth price
", worth price writing review using 17 dayspros1 handy piece tho bit heavy good operate2 front camera cool3 good face lock aicons1 worst camera ui dont think time samsung quality camera back camera worst2 worthy battery life3 highly pricedtotally im satisfiedits better buy model new realme model price almost super good features choose model samsung dont choose model coz lot flaws worth pricehope review helped,3,worth price writing review using 17 dayspros1 handy piece tho bit heavy good operate2 front camera cool3 good face lock aicons1 worst camera ui dont think time samsung quality camera back camera worst2 worthy battery life3 highly pricedtotally im satisfiedits better buy model new realme model price almost super good features choose model samsung dont choose model coz lot flaws worth pricehope review helped,Neutral
631,"Samsung Galaxy M01 (Black, 3GB RAM, 32GB Storage) with No Cost EMI/Additional Exchange Offers",B086KCCMCP,"
minimalstic vfm
", get job done dont expect much pros display good complains sound okay uninstall bloatware except samsung specific ones handy form factor nice battery easily lasts 2 days normal samsung one ui goodcons 1 camera big disappointment expect good pics outdoors good lighting conditions2 charges slow3 tough time finding good covernote tempered glass headphone provided box,5,get job done dont expect much pros display good complains sound okay uninstall bloatware except samsung specific ones handy form factor nice battery easily lasts 2 days normal samsung one ui goodcons 1 camera big disappointment expect good pics outdoors good lighting conditions2 charges slow3 tough time finding good covernote tempered glass headphone provided box,Positive
632,"Samsung Galaxy M01 (Black, 3GB RAM, 32GB Storage) with No Cost EMI/Additional Exchange Offers",B086KCCMCP,"
handy phone budget
", purchased mother learning operating android phone 1st time item handy screen size smaller 6 phones performance side set quite fast battery getting heated continuous use week passed sonce phone use details may provided later,4,purchased mother learning operating android phone 1st time item handy screen size smaller 6 phones performance side set quite fast battery getting heated continuous use week passed sonce phone use details may provided later,Positive
633,"Samsung Galaxy M01 (Black, 3GB RAM, 32GB Storage) with No Cost EMI/Additional Exchange Offers",B086KCCMCP,"
poor camera quality
", says camera 13mp click photo seem like 2 4 mpvery poor camera quality,2,says camera 13mp click photo seem like 2 4 mpvery poor camera quality,Negative
634,"Samsung Galaxy M01 (Black, 3GB RAM, 32GB Storage) with No Cost EMI/Additional Exchange Offers",B086KCCMCP,"
good product 
", pros1 look feel2 buttery smooth display3 build quality4 rear camera quality5 good performance minimal app usage6 value money7 samsung cons1 fingerprint scanner available2 internal storage could bit more3 front camera,5,pros1 look feel2 buttery smooth display3 build quality4 rear camera quality5 good performance minimal app usage6 value money7 samsung cons1 fingerprint scanner available2 internal storage could bit more3 front camera,Positive
635,"Samsung Galaxy M01 (Black, 3GB RAM, 32GB Storage) with No Cost EMI/Additional Exchange Offers",B086KCCMCP,"
branded value money phone better quality china make
", samsung series great phone range value money lets see samsung m01 phone red colour thin design make gives beautiful phone look optimised performance low power consumption thats gives longer battery life time finger tip sensor bought grand parent actually need time emergency dont wish security features budget exchange offer got great deal brand new phone loaded feature 6500 isnt good front camera average clarity good however back dual camera good inbuilt animated shot give different experience phone good voice sound quality inbuilt expendable memories improved older phones gives freedom entertain love display quality samsung unmatched feature phone size small compact easily carry pockets keep phone keep two phoneif want phone low budget secondary phone back reliable brand good choicever great quality branded value money phone,5,samsung series great phone range value money lets see samsung m01 phone red colour thin design make gives beautiful phone look optimised performance low power consumption thats gives longer battery life time finger tip sensor bought grand parent actually need time emergency dont wish security features budget exchange offer got great deal brand new phone loaded feature 6500 isnt good front camera average clarity good however back dual camera good inbuilt animated shot give different experience phone good voice sound quality inbuilt expendable memories improved older phones gives freedom entertain love display quality samsung unmatched feature phone size small compact easily carry pockets keep phone keep two phoneif want phone low budget secondary phone back reliable brand good choicever great quality branded value money phone,Positive
636,"Samsung Galaxy M01 (Black, 3GB RAM, 32GB Storage) with No Cost EMI/Additional Exchange Offers",B086KCCMCP,"
poor design dont buy
", poor audio quality ordered parents microphone speaker volume poor designinstead speakers charging jeck thay vack side call comes one able hear phone keot backdespite buying via prime fulfilled amazon refused return item,1,poor audio quality ordered parents microphone speaker volume poor designinstead speakers charging jeck thay vack side call comes one able hear phone keot backdespite buying via prime fulfilled amazon refused return item,Negative
637,"Samsung Galaxy M01 (Black, 3GB RAM, 32GB Storage) with No Cost EMI/Additional Exchange Offers",B086KCCMCP,"
samsung sucking indian money using antichina sentiments
", personal genuine reviewsamsung overcharged phone brand people love indiasamsung overpriced every phone india using anti china sentiment indian peopleif buy phone remember take total 4 hours charge fullycharger 5v 1ampsamsung price 85k phone doesnt even satisfy days criteriacamera also bakwasresolution quality really hate using think 480ppi resolution also mother hd phone clear m01performance also upto markall disadvantages itbut one advantage also antichina get samsung name non chinese brandthats advantage buy want let samsung use anti china sentiment let samsung earn money via overpriced,1,personal genuine reviewsamsung overcharged phone brand people love indiasamsung overpriced every phone india using anti china sentiment indian peopleif buy phone remember take total 4 hours charge fullycharger 5v 1ampsamsung price 85k phone doesnt even satisfy days criteriacamera also bakwasresolution quality really hate using think 480ppi resolution also mother hd phone clear m01performance also upto markall disadvantages itbut one advantage also antichina get samsung name non chinese brandthats advantage buy want let samsung use anti china sentiment let samsung earn money via overpriced,Negative
638,"Samsung Galaxy M01 (Black, 3GB RAM, 32GB Storage) with No Cost EMI/Additional Exchange Offers",B086KCCMCP,"
worth money
", product good worth money given got 6950 exchanging old samsungbattery life good even continuous use display camera good lagging middle income group good asset fingerprint reader,5,product good worth money given got 6950 exchanging old samsungbattery life good even continuous use display camera good lagging middle income group good asset fingerprint reader,Positive
639,"Samsung Galaxy M01 (Black, 3GB RAM, 32GB Storage) with No Cost EMI/Additional Exchange Offers",B086KCCMCP,"
great secondphone
", nice supposed dualsim works well use backup phone galaxy note works well,5,nice supposed dualsim works well use backup phone galaxy note works well,Positive
640,"Samsung Galaxy M01 (Black, 3GB RAM, 32GB Storage) with No Cost EMI/Additional Exchange Offers",B086KCCMCP,"
giant price range
", one best smartphone 10ki bought one dad works smooth lag hanging issue also surprise gaming review tried heavy games worked really smooth camera goodoverall loved price range thanks samsung amazon,5,one best smartphone 10ki bought one dad works smooth lag hanging issue also surprise gaming review tried heavy games worked really smooth camera goodoverall loved price range thanks samsung amazon,Positive
641,"Samsung Galaxy M01 (Black, 3GB RAM, 32GB Storage) with No Cost EMI/Additional Exchange Offers",B086KCCMCP,"
please avoid phone save regret
", bought one 25th august reviewing 22nd septemberbattery life pocket friendly size good thing phone headphone jack behaving erraticallyit automatically reduces increase volume audiovideo played despite pressing hard keys trying different earphones problem persistseven factory resetalso charging socket stopped working properly place phone specific angle keep holding hands position charging phonescrew amazon7 days replacement policy good enough,1,bought one 25th august reviewing 22nd septemberbattery life pocket friendly size good thing phone headphone jack behaving erraticallyit automatically reduces increase volume audiovideo played despite pressing hard keys trying different earphones problem persistseven factory resetalso charging socket stopped working properly place phone specific angle keep holding hands position charging phonescrew amazon7 days replacement policy good enough,Negative
642,"Samsung Galaxy M01 (Black, 3GB RAM, 32GB Storage) with No Cost EMI/Additional Exchange Offers",B086KCCMCP,"
worst mobile
", mobile delivered 23jul2020 9 days use volume key power key working worst product services samsung amazon option replacement distributing defective products please refrain buying mobile,1,mobile delivered 23jul2020 9 days use volume key power key working worst product services samsung amazon option replacement distributing defective products please refrain buying mobile,Negative
643,"Samsung Galaxy M01 (Black, 3GB RAM, 32GB Storage) with No Cost EMI/Additional Exchange Offers",B086KCCMCP,"
value money
", great phone price point 9k battery great display bright speaker voice clear loudest works 910 cases great uiux android average camerathere alternatives available phone check wont disappointed onethings miss wifi tech older wont catch ultra fast wifi networks still works well average wifi connection bloatware lot unnecessary apps doesnt annoy still feels forced average camera works fine good daylight pics focus slow pretty bad low lightold charging port use typec standard fast charging,4,great phone price point 9k battery great display bright speaker voice clear loudest works 910 cases great uiux android average camerathere alternatives available phone check wont disappointed onethings miss wifi tech older wont catch ultra fast wifi networks still works well average wifi connection bloatware lot unnecessary apps doesnt annoy still feels forced average camera works fine good daylight pics focus slow pretty bad low lightold charging port use typec standard fast charging,Positive
644,"Samsung Galaxy M01 (Black, 3GB RAM, 32GB Storage) with No Cost EMI/Additional Exchange Offers",B086KCCMCP,"
good phone dont buy it
", phone meant small group people first small display compared flagship even low budget phone reason one buy either love samsung ui android 10 need backup phone less radiation snapdragon 400 chip set outdated chip provide even close performance phones range well might think camera might great wrong 8 mega pixel camera maximum take photos uptown 4 mpwhich even good quality either front facing camera trashtalking spec sheet 32 gb get 20 3gb ram 15 gb ram use running simple applications take 25 gb rambattery decentfinally something good phone ofcourse compromises every part phone box comes 5 watt charger takes ages age phones charge uptown 100 watt totally unfair samsung gives us 5 watt charger inbuilt screen protector back casethe dual camera setup name sake please dont buy phone camera performancelike said earlier phone useful old grandparents children limited usage budget get better phones narzo 10a oppo phones better give relatively good performance toothe phone doesnt lag much due small screen online class videos hard attend case plan buy phone try contacting physical store give better price another problem noticed charging cable smaller normal size makes difficult charge,3,phone meant small group people first small display compared flagship even low budget phone reason one buy either love samsung ui android 10 need backup phone less radiation snapdragon 400 chip set outdated chip provide even close performance phones range well might think camera might great wrong 8 mega pixel camera maximum take photos uptown 4 mpwhich even good quality either front facing camera trashtalking spec sheet 32 gb get 20 3gb ram 15 gb ram use running simple applications take 25 gb rambattery decentfinally something good phone ofcourse compromises every part phone box comes 5 watt charger takes ages age phones charge uptown 100 watt totally unfair samsung gives us 5 watt charger inbuilt screen protector back casethe dual camera setup name sake please dont buy phone camera performancelike said earlier phone useful old grandparents children limited usage budget get better phones narzo 10a oppo phones better give relatively good performance toothe phone doesnt lag much due small screen online class videos hard attend case plan buy phone try contacting physical store give better price another problem noticed charging cable smaller normal size makes difficult charge,Neutral
645,"Samsung Galaxy M01 (Black, 3GB RAM, 32GB Storage) with No Cost EMI/Additional Exchange Offers",B086KCCMCP,"
better product price segment
", superb product battery back goodgo rather enemy countrys products know im talking ,5,superb product battery back goodgo rather enemy countrys products know im talking,Positive
646,"Samsung Galaxy M01 (Black, 3GB RAM, 32GB Storage) with No Cost EMI/Additional Exchange Offers",B086KCCMCP,"
excellent
", value product samsung decent price less inr 10k personally like screen size 57 better 64 series phones anyone go got rich look im happy decision,5,value product samsung decent price less inr 10k personally like screen size 57 better 64 series phones anyone go got rich look im happy decision,Positive
647,"Samsung Galaxy M01 (Black, 3GB RAM, 32GB Storage) with No Cost EMI/Additional Exchange Offers",B086KCCMCP,"
samsung m01 good quality phone value money
", value money product samsung though big samsung fan however model superb option pocket tight budget need good quality smartphone phone build quality sturdy gives nice feel hand looks good battery life good camera quality sufficient screen good fingerprint reader really like screen size 57 far better big phones 6 screen size bit small screen phone fits well hand gives easiness use single hand samsung also provided least wired earphone phone cost samsung much missing box,5,value money product samsung though big samsung fan however model superb option pocket tight budget need good quality smartphone phone build quality sturdy gives nice feel hand looks good battery life good camera quality sufficient screen good fingerprint reader really like screen size 57 far better big phones 6 screen size bit small screen phone fits well hand gives easiness use single hand samsung also provided least wired earphone phone cost samsung much missing box,Positive
648,"Samsung Galaxy M01 (Black, 3GB RAM, 32GB Storage) with No Cost EMI/Additional Exchange Offers",B086KCCMCP,"
great daily basic usage
", display tft display quality good compared cheap brands viewing angle also good fade much view different angle brightness also sufficientbattery battery life good hours basic usage online classes calls whatsapp browsing hours gaming using since 15 days found unnecessary battery drainagecharging little slow used 10w fast charging mobile 1 increment charge takes 2 minutes 1015 seconds approx mobile heat chargingperformance zero lag web browsing youtube switching apps online classes via skype zoom google meet one ui really smooth dont play pubg easily playing games like iafa cut ultra graphic settings lag frameskipcamera major issue mobile camera image quality low light condition poor low light without flash flash ok ok type however back camera quality day light indoor light conditions good soo good bad good selfie camera good needs softwere improvementcalls call quality great loud sidesconclusion need compact good looking good hand feel durable nonchineese phone basic medium usage like online classes low medium intensity gaming smooth adfree ui definitely go however want camera centric phone taking pictures day especially selfies,4,display tft display quality good compared cheap brands viewing angle also good fade much view different angle brightness also sufficientbattery battery life good hours basic usage online classes calls whatsapp browsing hours gaming using since 15 days found unnecessary battery drainagecharging little slow used 10w fast charging mobile 1 increment charge takes 2 minutes 1015 seconds approx mobile heat chargingperformance zero lag web browsing youtube switching apps online classes via skype zoom google meet one ui really smooth dont play pubg easily playing games like iafa cut ultra graphic settings lag frameskipcamera major issue mobile camera image quality low light condition poor low light without flash flash ok ok type however back camera quality day light indoor light conditions good soo good bad good selfie camera good needs softwere improvementcalls call quality great loud sidesconclusion need compact good looking good hand feel durable nonchineese phone basic medium usage like online classes low medium intensity gaming smooth adfree ui definitely go however want camera centric phone taking pictures day especially selfies,Positive
649,"Samsung Galaxy M01 (Black, 3GB RAM, 32GB Storage) with No Cost EMI/Additional Exchange Offers",B086KCCMCP,"
good product samsung
", cool decent mobile specification smooth touch good processor android 10 average camera less sar value heating issue back cover ear phone charger modified old type fast charging last signal problem good buy rs 8998,5,cool decent mobile specification smooth touch good processor android 10 average camera less sar value heating issue back cover ear phone charger modified old type fast charging last signal problem good buy rs 8998,Positive
650,"Samsung Galaxy M01 (Black, 3GB RAM, 32GB Storage) with No Cost EMI/Additional Exchange Offers",B086KCCMCP,"
an average smartphone
", overall average smartphonei would tell basic parametersperformance smartphone average processor dont even think playing heavy games like cod pubg buying normal usage works quite well lags sometime 3gb ramcamera decent rear camera depth sensor average clicks normal portrait shots front camera average dont expect much itbattery 4000 mah battery normal usage works easily 1215 hours charged 90 one problem comes 5v1a charger takes much time get chargedone thing doesnt finger print scannerit face unlock works quite wellat last would say want buy nonchinese smartphone budget around 85k9k go phone moderate use view easily work 34 years want gaming better specs either go chinese phones make budget large,4,overall average smartphonei would tell basic parametersperformance smartphone average processor dont even think playing heavy games like cod pubg buying normal usage works quite well lags sometime 3gb ramcamera decent rear camera depth sensor average clicks normal portrait shots front camera average dont expect much itbattery 4000 mah battery normal usage works easily 1215 hours charged 90 one problem comes 5v1a charger takes much time get chargedone thing doesnt finger print scannerit face unlock works quite wellat last would say want buy nonchinese smartphone budget around 85k9k go phone moderate use view easily work 34 years want gaming better specs either go chinese phones make budget large,Positive
651,"Samsung Galaxy M01 (Black, 3GB RAM, 32GB Storage) with No Cost EMI/Additional Exchange Offers",B086KCCMCP,"
value money
", phone samsungs offer want budget phone within 10k covid times every person wants smartphone many options many persons wanting buy chinese products phone answer features decent smartphone offers heavy pocket sincerely endorse product ask fellow persons try,4,phone samsungs offer want budget phone within 10k covid times every person wants smartphone many options many persons wanting buy chinese products phone answer features decent smartphone offers heavy pocket sincerely endorse product ask fellow persons try,Positive
652,"Samsung Galaxy M01 (Black, 3GB RAM, 32GB Storage) with No Cost EMI/Additional Exchange Offers",B086KCCMCP,"
gifted parents liked it
", problem phone display working well,5,problem phone display working well,Positive
653,"Samsung Galaxy M01 (Black, 3GB RAM, 32GB Storage) with No Cost EMI/Additional Exchange Offers",B086KCCMCP,"
go without hesitation perfect 
", best phone price proslooks 55display55sound55camera45battery55consnothing found still update laterif budget buy phone definitely buy wont upset ,5,best phone price proslooks 55display55sound55camera45battery55consnothing found still update laterif budget buy phone definitely buy wont upset,Positive
654,"Samsung Galaxy M01 (Black, 3GB RAM, 32GB Storage) with No Cost EMI/Additional Exchange Offers",B086KCCMCP,"
gud phone
", gud compact phone,5,gud compact phone,Positive
655,"Samsung Galaxy M01 (Black, 3GB RAM, 32GB Storage) with No Cost EMI/Additional Exchange Offers",B086KCCMCP,"
samsung fooled usworth phone 6000 9000
", phone would awesome price 6000 0r 7000 price 90009000 rs still type c charger9000 rs still fast charging9000 still fingerprint sensor9000 rs still pathetic speakersound low clarity pateticthat back phone nowadays speaker back9000 rs phone looks cheapbad plastic material usedin 9000 rs u would get far better mobile mobileif price would 6 k 7k would say phone goodbut 9000 r getting undervaluer mobile fingerprint sensorpathetic speaker type c chargercheap looksamsung fooled customers,1,phone would awesome price 6000 0r 7000 price 90009000 rs still type c charger9000 rs still fast charging9000 still fingerprint sensor9000 rs still pathetic speakersound low clarity pateticthat back phone nowadays speaker back9000 rs phone looks cheapbad plastic material usedin 9000 rs u would get far better mobile mobileif price would 6 k 7k would say phone goodbut 9000 r getting undervaluer mobile fingerprint sensorpathetic speaker type c chargercheap looksamsung fooled customers,Negative
656,"Samsung Galaxy M01 (Black, 3GB RAM, 32GB Storage) with No Cost EMI/Additional Exchange Offers",B086KCCMCP,"
unarguably best nonchinese phone 8k
", bought aunt performance good actually ive put lots apps speed good speaker loud price good camera bad people wanting gets job done ive also bought m01 core 2gb way inferior compared m01 cores camera worse people using facebook whatsapp m01 core would fine price difference 1900 m01 offers lot,5,bought aunt performance good actually ive put lots apps speed good speaker loud price good camera bad people wanting gets job done ive also bought m01 core 2gb way inferior compared m01 cores camera worse people using facebook whatsapp m01 core would fine price difference 1900 m01 offers lot,Positive
657,"Samsung Galaxy M01 (Black, 3GB RAM, 32GB Storage) with No Cost EMI/Additional Exchange Offers",B086KCCMCP,"
likes dislikes samsung m01 phone
", like right fast access feather touch key good camera picture quality excellent customer care remote access phonedislike important feature like screenshot absent scroll menu brought accesibility option setting put assistant menu ready option scroll menus incoming phone call sound quality poor however resolved guidance customer care remote accessingbattery life needs longer,4,like right fast access feather touch key good camera picture quality excellent customer care remote access phonedislike important feature like screenshot absent scroll menu brought accesibility option setting put assistant menu ready option scroll menus incoming phone call sound quality poor however resolved guidance customer care remote accessingbattery life needs longer,Positive
658,"Samsung Galaxy M01 (Black, 3GB RAM, 32GB Storage) with No Cost EMI/Additional Exchange Offers",B086KCCMCP,"
good price point 
", post 3 days usage battery excellent battery backup goes 2nd day effortlessly gaming included usagecharging fast charging miss vs competition brands using device didnt feel missing since device sustains entire day smoothly probsbuilt plastic built looks alone feels good red one premium thoughthe size device makes superb grip ease use single handdisplay touch display small vs competition colourbrightness decent enough complaints touch buttery smoothos android 10 though stock android like nokia advantage competition devices 10k giving android10 box one would experience daily usagecamera worst lot guess shaky noisy images videos rear front shock samsung something next sw updateexcept camera rest device good price point,4,post 3 days usage battery excellent battery backup goes 2nd day effortlessly gaming included usagecharging fast charging miss vs competition brands using device didnt feel missing since device sustains entire day smoothly probsbuilt plastic built looks alone feels good red one premium thoughthe size device makes superb grip ease use single handdisplay touch display small vs competition colourbrightness decent enough complaints touch buttery smoothos android 10 though stock android like nokia advantage competition devices 10k giving android10 box one would experience daily usagecamera worst lot guess shaky noisy images videos rear front shock samsung something next sw updateexcept camera rest device good price point,Positive
659,"Samsung Galaxy M01 (Black, 3GB RAM, 32GB Storage) with No Cost EMI/Additional Exchange Offers",B086KCCMCP,"
expect more
", phone good per price range samsung brand value expectations,4,phone good per price range samsung brand value expectations,Positive
660,"Samsung Galaxy M01 (Black, 3GB RAM, 32GB Storage) with No Cost EMI/Additional Exchange Offers",B086KCCMCP,"
samsung galaxy m01 user review
", using phone week ill try lay pros conspros perfect size best single hand use also good enough watching films videos battery life decent moderate slightly heavy usage easily lasts day android 10 box with3gb32g functions quite smoothly lags whatsoever speaker sound loud enough clearcons fingerprint scanner face unlock doesnt work well need depend pattern pin unlock doesnt support fast charging takes around 35 hrs full chargesome othe points camera definitely best budget ok considering price point display isnt amoled decent enough pricefinally would definitely recommend phone ones searching phones budget segment brand assurance samsung single hand usable device,5,using phone week ill try lay pros conspros perfect size best single hand use also good enough watching films videos battery life decent moderate slightly heavy usage easily lasts day android 10 box with3gb32g functions quite smoothly lags whatsoever speaker sound loud enough clearcons fingerprint scanner face unlock doesnt work well need depend pattern pin unlock doesnt support fast charging takes around 35 hrs full chargesome othe points camera definitely best budget ok considering price point display isnt amoled decent enough pricefinally would definitely recommend phone ones searching phones budget segment brand assurance samsung single hand usable device,Positive
661,"Samsung Galaxy M01 (Black, 3GB RAM, 32GB Storage) with No Cost EMI/Additional Exchange Offers",B086KCCMCP,"
m01 best phone price range
", superrrrb phone u looking backup phone unlimited phone calls browsing watching videoslive tvthe phone doesnt finger print reader face recognition option face recognition works welli bought one give google pixel3 backup backup friend office sim office calls endlessmorning 9 evening 8the best thing phone sizei wanted small sized screen phone also light weight use without headphonesearphonesgreat phone price rangebattery life excellenti using phone since last week found issues till yeti happy go samsungafter decade m01 must buy phone trust wife losses iphone againi gift m01 iphone casesamsung makes brand loyal,5,superrrrb phone u looking backup phone unlimited phone calls browsing watching videoslive tvthe phone doesnt finger print reader face recognition option face recognition works welli bought one give google pixel3 backup backup friend office sim office calls endlessmorning 9 evening 8the best thing phone sizei wanted small sized screen phone also light weight use without headphonesearphonesgreat phone price rangebattery life excellenti using phone since last week found issues till yeti happy go samsungafter decade m01 must buy phone trust wife losses iphone againi gift m01 iphone casesamsung makes brand loyal,Positive
662,"Samsung Galaxy M01 (Black, 3GB RAM, 32GB Storage) with No Cost EMI/Additional Exchange Offers",B086KCCMCP,"
cam scam screen mirroring option way better options price
", way better options price phone pathetic cam scam tell open cam open wide angle mode cover one cam two would realize cam 1 working change view wide angle normal check covering cam cam1 working cam 2 showpiece know works phone 2 camsdisplay avg battery good option screen mirroring smart viewdisappointed totally cant return,1,way better options price phone pathetic cam scam tell open cam open wide angle mode cover one cam two would realize cam 1 working change view wide angle normal check covering cam cam1 working cam 2 showpiece know works phone 2 camsdisplay avg battery good option screen mirroring smart viewdisappointed totally cant return,Negative
663,"Samsung Galaxy M01 (Black, 3GB RAM, 32GB Storage) with No Cost EMI/Additional Exchange Offers",B086KCCMCP,"
no choice exchange product technical support get
", lots options available prize order replacement guarantee phone fault dont like phone design features cant change amazon wont allow ready buying samsung m21 allowing change phone sure ordering phoneits grandmother style phone,3,lots options available prize order replacement guarantee phone fault dont like phone design features cant change amazon wont allow ready buying samsung m21 allowing change phone sure ordering phoneits grandmother style phone,Neutral
664,"Samsung Galaxy M01 (Black, 3GB RAM, 32GB Storage) with No Cost EMI/Additional Exchange Offers",B086KCCMCP,"
budget phone good features
", good budget phone common peopleoverall phone looks good price 3 gb ram 32gb space best price available bought phone comparing model available 3gb32gb combinationfeaturesvalue money3gb ram 32 gb space good enough daily usesamsung brand good compared chines phonetouch sensitivity goodnot big size handled one handdrawbacksbattery life okay great,5,good budget phone common peopleoverall phone looks good price 3 gb ram 32gb space best price available bought phone comparing model available 3gb32gb combinationfeaturesvalue money3gb ram 32 gb space good enough daily usesamsung brand good compared chines phonetouch sensitivity goodnot big size handled one handdrawbacksbattery life okay great,Positive
665,"Samsung Galaxy M01 (Black, 3GB RAM, 32GB Storage) with No Cost EMI/Additional Exchange Offers",B086KCCMCP,"
value money
", build quality really good like samsung glance app showing news interests lock screen old phone fingerprint sensor missing m01 face lock unlock trick works well likewise used android one ui earlier phone feature miss swipe left home screen get google news feed software feature earlier phone 16k costing one still lasted 15 years learnt since hynix emmc used device hit lifetime writes started failing phone became unusable wanted buy samsung time samsung emmc would reliable would last longer snapdragon 439 soc processor right enough regular phone use camera still pictures would look super good provided person holds phone still even clicking needs hold phone still couple seconds else pic appears distorted would recommend phone sure sturdy good value money,4,build quality really good like samsung glance app showing news interests lock screen old phone fingerprint sensor missing m01 face lock unlock trick works well likewise used android one ui earlier phone feature miss swipe left home screen get google news feed software feature earlier phone 16k costing one still lasted 15 years learnt since hynix emmc used device hit lifetime writes started failing phone became unusable wanted buy samsung time samsung emmc would reliable would last longer snapdragon 439 soc processor right enough regular phone use camera still pictures would look super good provided person holds phone still even clicking needs hold phone still couple seconds else pic appears distorted would recommend phone sure sturdy good value money,Positive
666,"Samsung Galaxy M01 (Black, 3GB RAM, 32GB Storage) with No Cost EMI/Additional Exchange Offers",B086KCCMCP,"
good phone low budget
", finger printer reader handy phone thats perfect size camera poor quality doesnt give 13mp result takes 3hrs chargingthe product good delivered faulty packaging anything told reviews charger gets heated fast phone started lagging even aftr first hour usejust 2sec laggedlike frozenthen came backoverall rs 8k perfect phoneand better using chinese phones,4,finger printer reader handy phone thats perfect size camera poor quality doesnt give 13mp result takes 3hrs chargingthe product good delivered faulty packaging anything told reviews charger gets heated fast phone started lagging even aftr first hour usejust 2sec laggedlike frozenthen came backoverall rs 8k perfect phoneand better using chinese phones,Positive
667,"Samsung Galaxy M01 (Black, 3GB RAM, 32GB Storage) with No Cost EMI/Additional Exchange Offers",B086KCCMCP,"
best value money premium brand budget segment
", finger print option phone size would 6 inch days competitors supplying mobiles matching quality specified features around price order retain existing premier position commanding mobile segment hope samsung focus much bridge gaps overall nice experience mobile far found good value money budget phone segment hard core motorola user since beginning opted mainly due os latest android version 10 enables access company applications supporting android 10 since 1st october 2020,5,finger print option phone size would 6 inch days competitors supplying mobiles matching quality specified features around price order retain existing premier position commanding mobile segment hope samsung focus much bridge gaps overall nice experience mobile far found good value money budget phone segment hard core motorola user since beginning opted mainly due os latest android version 10 enables access company applications supporting android 10 since 1st october 2020,Positive
668,"Samsung Galaxy M01 (Black, 3GB RAM, 32GB Storage) with No Cost EMI/Additional Exchange Offers",B086KCCMCP,"
pathetic experience model
", hi allplease dont buy product model hang always got model used 5 days suddenly got dead put charge 30 minutes also didnt get start post contact samsung support suggested press power lower volume button start still stuck home screen see image finally amazon denied replacement also even 6 days sure defect model guys request please dont buy product pathetic experience amazon model,1,hi allplease dont buy product model hang always got model used 5 days suddenly got dead put charge 30 minutes also didnt get start post contact samsung support suggested press power lower volume button start still stuck home screen see image finally amazon denied replacement also even 6 days sure defect model guys request please dont buy product pathetic experience amazon model,Negative
669,"Samsung Galaxy M01 (Black, 3GB RAM, 32GB Storage) with No Cost EMI/Additional Exchange Offers",B086KCCMCP,"
value money
", better option price much better chinese brand smartphone n range,5,better option price much better chinese brand smartphone n range,Positive
670,"Samsung Galaxy M01 (Black, 3GB RAM, 32GB Storage) with No Cost EMI/Additional Exchange Offers",B086KCCMCP,"
good budget phone made india
", nothing great phone mentioned features value money good budget phone works smoothly camera great,4,nothing great phone mentioned features value money good budget phone works smoothly camera great,Positive
671,"Samsung Galaxy M01 (Black, 3GB RAM, 32GB Storage) with No Cost EMI/Additional Exchange Offers",B086KCCMCP,"
best budget non chinese phone
", phone rated got 8400 guess didnt made mistakei dont usually play games probably best non chinese phone best daily use battery backup lasts day heavy social media use light gaming even played cod mobile pubg low settings game play fine charging takes around 4 hours box 5w charger charged 10w charger overall good product privacy isnt jeopardized,4,phone rated got 8400 guess didnt made mistakei dont usually play games probably best non chinese phone best daily use battery backup lasts day heavy social media use light gaming even played cod mobile pubg low settings game play fine charging takes around 4 hours box 5w charger charged 10w charger overall good product privacy isnt jeopardized,Positive
672,"Samsung Galaxy M01 (Black, 3GB RAM, 32GB Storage) with No Cost EMI/Additional Exchange Offers",B086KCCMCP,"
awesome second chance go ahead
", samsung 7999 features defenently swipe away china pieces dont qualityprosfingerprint reader face reader working awesomely need fingerprint readerlook quality excellentcamera quality badok 10kbattery life lasting whole dayfunctioning smooth fastprice cant imagine thisconscamera okoverall price praise wasoolcan take without second thought,5,samsung 7999 features defenently swipe away china pieces dont qualityprosfingerprint reader face reader working awesomely need fingerprint readerlook quality excellentcamera quality badok 10kbattery life lasting whole dayfunctioning smooth fastprice cant imagine thisconscamera okoverall price praise wasoolcan take without second thought,Positive
673,"Samsung Galaxy M01 (Black, 3GB RAM, 32GB Storage) with No Cost EMI/Additional Exchange Offers",B086KCCMCP,"
value money
", really value money product battery screen processor get price tag 8998 amazing good speaker heating issue however camera quality could better,5,really value money product battery screen processor get price tag 8998 amazing good speaker heating issue however camera quality could better,Positive
674,"Samsung Galaxy M01 (Black, 3GB RAM, 32GB Storage) with No Cost EMI/Additional Exchange Offers",B086KCCMCP,"
good low budget cellphone
", good entry level android phone looking basic function minimalistic features opt manufactured india product 3 gb ram battery capacity enough daily moderate usage camera quality good best comes low light photography overall happy samsung basic android phone good planning gift elderly peopleparents,5,good entry level android phone looking basic function minimalistic features opt manufactured india product 3 gb ram battery capacity enough daily moderate usage camera quality good best comes low light photography overall happy samsung basic android phone good planning gift elderly peopleparents,Positive
675,"Samsung Galaxy M01 (Black, 3GB RAM, 32GB Storage) with No Cost EMI/Additional Exchange Offers",B086KCCMCP,"
excellent small form factor smartphone without fingerprint unlock
", searching handy smartphone long time found realesed recently purchased everything fine samsung included fingerprint scanner one best small form factory smartphone ever ready enter every time password pattern unlock face masks unlocking face recognition possible go otherwise find something fingerprint unlock,4,searching handy smartphone long time found realesed recently purchased everything fine samsung included fingerprint scanner one best small form factory smartphone ever ready enter every time password pattern unlock face masks unlocking face recognition possible go otherwise find something fingerprint unlock,Positive
676,"Samsung Galaxy M01 (Black, 3GB RAM, 32GB Storage) with No Cost EMI/Additional Exchange Offers",B086KCCMCP,"
bad impressions experience
", got unboxed 11th oct 5 mins phone started heat tried playing game normally play smoothly 2 gb ram starts lag continuously browsed hr would start hang bit muchand honestly battery life superb range phone big ok camera quality poor yet doesnt matter always look bad cam dont care abt muchand worst part phone get 56 charge almost took 45 minutes terribleafter experiencing terrible experience requested refund amazon wont refund said replaced bad experience viewers still wanna give try product go configuration good deny samsung brand,1,got unboxed 11th oct 5 mins phone started heat tried playing game normally play smoothly 2 gb ram starts lag continuously browsed hr would start hang bit muchand honestly battery life superb range phone big ok camera quality poor yet doesnt matter always look bad cam dont care abt muchand worst part phone get 56 charge almost took 45 minutes terribleafter experiencing terrible experience requested refund amazon wont refund said replaced bad experience viewers still wanna give try product go configuration good deny samsung brand,Negative
677,"Samsung Galaxy M01 (Black, 3GB RAM, 32GB Storage) with No Cost EMI/Additional Exchange Offers",B086KCCMCP,"
best smartphones under8400
", best phone 8400 budget smartphones best features loveddolby atmos supportedbest camera qualityfast working face unlockbest display qualitypeak performance snapdragon 430 processorhdinfinity v displaybudget smartphone user buy phone note item refundable,5,best phone 8400 budget smartphones best features loveddolby atmos supportedbest camera qualityfast working face unlockbest display qualitypeak performance snapdragon 430 processorhdinfinity v displaybudget smartphone user buy phone note item refundable,Positive
678,"Samsung Galaxy M01 (Black, 3GB RAM, 32GB Storage) with No Cost EMI/Additional Exchange Offers",B086KCCMCP,"
super satisfied
", reviewing device using week find pros cons belowpros1 battery battery backup super impressive normal user dont play games take calls day working home also use hotspot throughout day battery doesnt disappoint2 camera know new age triple quad camera setups mobile phone say even though less expectations camera wonderful job samsung camera app superb even though limited features still performs fabulously daylight nicely artificial low light3 one ui samsungs android skin amazingly cool makes user experience much better4 display even though lcd display still colours punchy even sunlight display performs well5 biometric face unlock performs nicely unlocks device jiffyyou regret absence fingerprint sensorcons1 charger 4000 mah battery absence fast charger something hurts could included 15 watt adapter offer devices2 case though really necessity presence protective case would much betterthere arent many cons really good device normal usage would able use essential needs day day basis,4,reviewing device using week find pros cons belowpros1 battery battery backup super impressive normal user dont play games take calls day working home also use hotspot throughout day battery doesnt disappoint2 camera know new age triple quad camera setups mobile phone say even though less expectations camera wonderful job samsung camera app superb even though limited features still performs fabulously daylight nicely artificial low light3 one ui samsungs android skin amazingly cool makes user experience much better4 display even though lcd display still colours punchy even sunlight display performs well5 biometric face unlock performs nicely unlocks device jiffyyou regret absence fingerprint sensorcons1 charger 4000 mah battery absence fast charger something hurts could included 15 watt adapter offer devices2 case though really necessity presence protective case would much betterthere arent many cons really good device normal usage would able use essential needs day day basis,Positive
679,"Samsung Galaxy M01 (Black, 3GB RAM, 32GB Storage) with No Cost EMI/Additional Exchange Offers",B086KCCMCP,"
amazing m01 
", economical excellent phone budgetprossince android 10 apply dark mode hence battery consumption lessalso even latest apps installed smartphone due android 103gb ram provides excellent working condition phone even pubg played phone without sort hangmassive screen infinity v display helps see online classes movies clearlydolby atmos provides excellent utility phone even worthless earbud using dolby atmos sounds goodit huge battery 4000mah also massive storage 32 gb ram worthy normal userlast least im happy hear indian smartphone designed indians make indiaconseven octa core processor processor low compared redmi realme phones price rangeit fingerprint scanner fast face unlockeven though huge battery 2hrs charging timeso although cons smartphone many pros cons like muchwhat ,4,economical excellent phone budgetprossince android 10 apply dark mode hence battery consumption lessalso even latest apps installed smartphone due android 103gb ram provides excellent working condition phone even pubg played phone without sort hangmassive screen infinity v display helps see online classes movies clearlydolby atmos provides excellent utility phone even worthless earbud using dolby atmos sounds goodit huge battery 4000mah also massive storage 32 gb ram worthy normal userlast least im happy hear indian smartphone designed indians make indiaconseven octa core processor processor low compared redmi realme phones price rangeit fingerprint scanner fast face unlockeven though huge battery 2hrs charging timeso although cons smartphone many pros cons like muchwhat,Positive
680,"Samsung Galaxy M01 (Black, 3GB RAM, 32GB Storage) with No Cost EMI/Additional Exchange Offers",B086KCCMCP,"
overall better phone parents gift 
", gifted phone parents also better phone normal use spare phone use samsung m21 believe quality glossy looks phone like chinese phone offers market daysplus points 4000 mah battery infinityv display 13mp dual camera android 10 fine budget qualcomm snapdragon 439 chipset minus points camera good bit heating issues display plus want clarify dont support chinese products thats samsung budget phones best choice phone parents go fully made india support thank choice im happy samsung m01 phone parents,4,gifted phone parents also better phone normal use spare phone use samsung m21 believe quality glossy looks phone like chinese phone offers market daysplus points 4000 mah battery infinityv display 13mp dual camera android 10 fine budget qualcomm snapdragon 439 chipset minus points camera good bit heating issues display plus want clarify dont support chinese products thats samsung budget phones best choice phone parents go fully made india support thank choice im happy samsung m01 phone parents,Positive
681,"Samsung Galaxy M01 (Black, 3GB RAM, 32GB Storage) with No Cost EMI/Additional Exchange Offers",B086KCCMCP,"
good senior citizens
", bought dad likes senior citizen friendly problem samsung bloatware notifications absolutely uselessi disabled notifications auto updates monthly update manually rest fine battery life good camera ok,5,bought dad likes senior citizen friendly problem samsung bloatware notifications absolutely uselessi disabled notifications auto updates monthly update manually rest fine battery life good camera ok,Positive
682,"Samsung Galaxy M01 (Black, 3GB RAM, 32GB Storage) with No Cost EMI/Additional Exchange Offers",B086KCCMCP,"
awesome
", awesome mobile phone bought amazon got one day delivery mobile everything good buy taking time full battery wouldnt gave fingerprint unlock also didnt gave fast charging love nice handle mobile single hand using mobile ,4,awesome mobile phone bought amazon got one day delivery mobile everything good buy taking time full battery wouldnt gave fingerprint unlock also didnt gave fast charging love nice handle mobile single hand using mobile,Positive
683,"Samsung Galaxy M01 (Black, 3GB RAM, 32GB Storage) with No Cost EMI/Additional Exchange Offers",B086KCCMCP,"
happy samsung customer
", bought phone dad happy phonein range product quality better mi phonesbefore buying look mi note 9 9a havey weight bigand quality phone better phone range,5,bought phone dad happy phonein range product quality better mi phonesbefore buying look mi note 9 9a havey weight bigand quality phone better phone range,Positive
684,"Samsung Galaxy M01 (Black, 3GB RAM, 32GB Storage) with No Cost EMI/Additional Exchange Offers",B086KCCMCP,"
ideal parents
", phone good bought dad wanted small size phone best ideal size handle one hand love software latest smooth watch video tech blast youtube channel samsung cameras always best perfect one price battery ever lasting works dad 2 days charger slow fast charger support hope get future ota update,5,phone good bought dad wanted small size phone best ideal size handle one hand love software latest smooth watch video tech blast youtube channel samsung cameras always best perfect one price battery ever lasting works dad 2 days charger slow fast charger support hope get future ota update,Positive
685,"Samsung Galaxy M01 (Black, 3GB RAM, 32GB Storage) with No Cost EMI/Additional Exchange Offers",B086KCCMCP,"
55 low budget phone
", likeone ui 2 twice good stock android equally fast3gb ram enough running many apps simultaneouslydouble tap screen wake screengood display phone looks like midranged doesnt look feel cheapdolby audio surround effect earphonesnot made chinadislikeno fingerprint readerbad camera front backjunk apps pre installed remove themexchanged 2 year old asus lite l1 got 6100,5,likeone ui 2 twice good stock android equally fast3gb ram enough running many apps simultaneouslydouble tap screen wake screengood display phone looks like midranged doesnt look feel cheapdolby audio surround effect earphonesnot made chinadislikeno fingerprint readerbad camera front backjunk apps pre installed remove themexchanged 2 year old asus lite l1 got 6100,Positive
686,"Samsung Galaxy M01 (Black, 3GB RAM, 32GB Storage) with No Cost EMI/Additional Exchange Offers",B086KCCMCP,"
amazon make fool name sale 
", amazon make fools name amazon mobile salejust sale price drops 8400 9000mobile ok slightly higher priced around 8kdesign feels like premium samsung brand slightly thicker,4,amazon make fools name amazon mobile salejust sale price drops 8400 9000mobile ok slightly higher priced around 8kdesign feels like premium samsung brand slightly thicker,Positive
687,"Samsung Galaxy M01 (Black, 3GB RAM, 32GB Storage) with No Cost EMI/Additional Exchange Offers",B086KCCMCP,"
a good buy budget 
", budget friendly good brand phone gifted phone father pros1camera quality good price2 3 gb ram sufficient youre addicted picture clicking3battery life good cons1little bit heavy manage2screen size small compared smart phone price range,5,budget friendly good brand phone gifted phone father pros1camera quality good price2 3 gb ram sufficient youre addicted picture clicking3battery life good cons1little bit heavy manage2screen size small compared smart phone price range,Positive
688,"Samsung Galaxy M01 (Black, 3GB RAM, 32GB Storage) with No Cost EMI/Additional Exchange Offers",B086KCCMCP,"
samsung galaxy m01 review
", camera sound quality good mentioned happy purchase trying return last 2 days option available totally disappointed,1,camera sound quality good mentioned happy purchase trying return last 2 days option available totally disappointed,Negative
689,"Samsung Galaxy M01 (Black, 3GB RAM, 32GB Storage) with No Cost EMI/Additional Exchange Offers",B086KCCMCP,"
have tight budget best get 
", well third smartphone samsung reason quite obivious seals deal everytime everything one roof reviewing 3 weeks hardcore usagepros1 great performance processing power quite good even frame rate syncing seems good2 battery life awesome3 stunning design red colour looks damn sexy4 value money5 thin body great benefit ones like use smartphone one handcons1 camera seems bit average due bright filtered pictures loved old cameras samsung touch originality capturing even wrinkes imperfections face please bring back2 fingerprint sensoroverall smart buy tight budget,5,well third smartphone samsung reason quite obivious seals deal everytime everything one roof reviewing 3 weeks hardcore usagepros1 great performance processing power quite good even frame rate syncing seems good2 battery life awesome3 stunning design red colour looks damn sexy4 value money5 thin body great benefit ones like use smartphone one handcons1 camera seems bit average due bright filtered pictures loved old cameras samsung touch originality capturing even wrinkes imperfections face please bring back2 fingerprint sensoroverall smart buy tight budget,Positive
690,"Samsung Galaxy M01 (Black, 3GB RAM, 32GB Storage) with No Cost EMI/Additional Exchange Offers",B086KCCMCP,"
absolutely brilliant beautifully made
", samsung galaxy m01 comes 571inch touchscreen display resolution 720x1560 pixels aspect ratio 1959 infinityv display device powered octacore qualcomm snapdragon 439 processor comes 3gb ram samsung galaxy m01 runs android 10 fueled 4000mah battery device 32gb inbuilt storage expanded via microsd card 512gb dedicated slot dedicated samsung galaxy series smartphone measures 14750 x 7090 x 980mm height x width x thickness weighs 16800 gramstechnical specifications1 2ghz octacore processor gives fast smooth working environment2 1451cm 57 full rectangle pls tft lcd 16m colour depth ensures premium quality display3 dualsim 4g enabled smartphone accepts nanosim offers ultrafast browsing experiencesin terms connectivities device sounds great includes wifi 80211 bgn 24ghz gps glonass beidou galileo usb otg microusb fm radio bluetooth v42sensors phone like accelerometer proximity light sensor samsung galaxy m01 smart face unlock commendable jobcoming camera experiences fabulous job a130 mp f22 aperture primary camera second 2megapixel camera f24 aperture rare autofocus mechanism enables capture best moment dark lights well also sports 5megapixel camera front selfies f24 apertureoverall highly appreciate samsung team offering brilliant device price segmentsin summary say device give ultimate battery life 16 hours non stop video experience infinity v dazzling display powerful processor super storage fast smooth mobile experiences trusted smartphone brand equity last least handset supports global sustainable development goals sdgs highly appreciate great initiative taken whole samsung team,5,samsung galaxy m01 comes 571inch touchscreen display resolution 720x1560 pixels aspect ratio 1959 infinityv display device powered octacore qualcomm snapdragon 439 processor comes 3gb ram samsung galaxy m01 runs android 10 fueled 4000mah battery device 32gb inbuilt storage expanded via microsd card 512gb dedicated slot dedicated samsung galaxy series smartphone measures 14750 x 7090 x 980mm height x width x thickness weighs 16800 gramstechnical specifications1 2ghz octacore processor gives fast smooth working environment2 1451cm 57 full rectangle pls tft lcd 16m colour depth ensures premium quality display3 dualsim 4g enabled smartphone accepts nanosim offers ultrafast browsing experiencesin terms connectivities device sounds great includes wifi 80211 bgn 24ghz gps glonass beidou galileo usb otg microusb fm radio bluetooth v42sensors phone like accelerometer proximity light sensor samsung galaxy m01 smart face unlock commendable jobcoming camera experiences fabulous job a130 mp f22 aperture primary camera second 2megapixel camera f24 aperture rare autofocus mechanism enables capture best moment dark lights well also sports 5megapixel camera front selfies f24 apertureoverall highly appreciate samsung team offering brilliant device price segmentsin summary say device give ultimate battery life 16 hours non stop video experience infinity v dazzling display powerful processor super storage fast smooth mobile experiences trusted smartphone brand equity last least handset supports global sustainable development goals sdgs highly appreciate great initiative taken whole samsung team,Positive
691,"Samsung Galaxy M01 (Black, 3GB RAM, 32GB Storage) with No Cost EMI/Additional Exchange Offers",B086KCCMCP,"
extremely dissapointed amazon phone major issues within month purchase
", rip amazon even month since bought phone mother phone multiple issues apps shut every minutes wifi connectivity work phone keeps hanging major lag already made complain cover damaged delivered got zero response dont expect negligence amazon customer feel cheated major dissapoitment stuck phone work spent almost 10k,1,rip amazon even month since bought phone mother phone multiple issues apps shut every minutes wifi connectivity work phone keeps hanging major lag already made complain cover damaged delivered got zero response dont expect negligence amazon customer feel cheated major dissapoitment stuck phone work spent almost 10k,Negative
692,"Samsung Galaxy M01 (Black, 3GB RAM, 32GB Storage) with No Cost EMI/Additional Exchange Offers",B086KCCMCP,"
value money
", phone another value money product house samsung following things like dislike productpros1battery life 4000mah battery battery powerful day long intensive use2 displaywith 57 infinity display screen best get price range3processor snapdragon octa core processor phone perfect multi window functions moderate gaming4android comes latest version android 105memory comes 3 gb ram 32 gb internal memory sd card support upto 512 gb really good6 dark comes looks really cool me7 shape really nice sticks palm giving comfort iphone kind feelingconscamera must say samsung fails certain way comes camera chinese brands way ahead criteria thing samsung misses outoverall give double thumbs device apart camerathis product product buy price range want avoid nonchinese productalso forget good sales service get samsungthey service centres india,4,phone another value money product house samsung following things like dislike productpros1battery life 4000mah battery battery powerful day long intensive use2 displaywith 57 infinity display screen best get price range3processor snapdragon octa core processor phone perfect multi window functions moderate gaming4android comes latest version android 105memory comes 3 gb ram 32 gb internal memory sd card support upto 512 gb really good6 dark comes looks really cool me7 shape really nice sticks palm giving comfort iphone kind feelingconscamera must say samsung fails certain way comes camera chinese brands way ahead criteria thing samsung misses outoverall give double thumbs device apart camerathis product product buy price range want avoid nonchinese productalso forget good sales service get samsungthey service centres india,Positive
693,"Samsung Galaxy M01 (Black, 3GB RAM, 32GB Storage) with No Cost EMI/Additional Exchange Offers",B086KCCMCP,"
5 stars privacy features ui battery each
", galaxy m01 comes pre installed android 10 means user shall state art privacy security features additionally samsungs one ui core 20 provides simple user interface seamless attractivei using phone last 10 days faced issues features reliable easy usetalking battery since use social media gaming battery lasts 2 days one full chargeyou also hide navigation keys screen still navigation seamlessanother best feature disable pre installed google apps phone concerned google collecting personal datai havent used camera much cannot give review camera bear mind comes depth effectjust one improvement manufacturers could maintained placing speakers rear panel sound doesnt plays clearly phone placed soft surfaces like bed users might like itoverall find phone excellent give 5 stars,5,galaxy m01 comes pre installed android 10 means user shall state art privacy security features additionally samsungs one ui core 20 provides simple user interface seamless attractivei using phone last 10 days faced issues features reliable easy usetalking battery since use social media gaming battery lasts 2 days one full chargeyou also hide navigation keys screen still navigation seamlessanother best feature disable pre installed google apps phone concerned google collecting personal datai havent used camera much cannot give review camera bear mind comes depth effectjust one improvement manufacturers could maintained placing speakers rear panel sound doesnt plays clearly phone placed soft surfaces like bed users might like itoverall find phone excellent give 5 stars,Positive
694,"Samsung Galaxy M01 (Black, 3GB RAM, 32GB Storage) with No Cost EMI/Additional Exchange Offers",B086KCCMCP,"
good budget smart phone
", bought phone one reason non chinese brand lets talk pros cons m01 smartphonepros best thing phone handy fits hand well also screen size smaller big smartphonestill lag issuevery less heating issuecamera bit realisticmulti tasking smoothdisplay super price rangeplacement power buttons volume keys something impressiveandroid 10cons screen size nowadays even 5k smartphones 6 screencharging big issue comes 10v charger takes around 330hrs full chargebattery size also issue comes 4000mah batterymedia volume could louderand important comes banned pre installed apps idk people give things new phones,4,bought phone one reason non chinese brand lets talk pros cons m01 smartphonepros best thing phone handy fits hand well also screen size smaller big smartphonestill lag issuevery less heating issuecamera bit realisticmulti tasking smoothdisplay super price rangeplacement power buttons volume keys something impressiveandroid 10cons screen size nowadays even 5k smartphones 6 screencharging big issue comes 10v charger takes around 330hrs full chargebattery size also issue comes 4000mah batterymedia volume could louderand important comes banned pre installed apps idk people give things new phones,Positive
695,"Samsung Galaxy M01 (Black, 3GB RAM, 32GB Storage) with No Cost EMI/Additional Exchange Offers",B086KCCMCP,"
best budget phone
", got 8k mom likes itprosi think best budget phone right nowno heat issuesno lagvery good quality screen even better lcd screencamera price decent comes filters beauty modesconslittle bit thickcharger 5 watt,5,got 8k mom likes itprosi think best budget phone right nowno heat issuesno lagvery good quality screen even better lcd screencamera price decent comes filters beauty modesconslittle bit thickcharger 5 watt,Positive
696,"Samsung Galaxy M01 (Black, 3GB RAM, 32GB Storage) with No Cost EMI/Additional Exchange Offers",B086KCCMCP,"
awesome phone price range
", phone good price range samsung brandinggood thingbattery life good calling data usagedisplay bright enough outdoor issue auto brightnesssound clear speakers well earpiececamera quality ok price range rear camera good front camera okbad thingface unlock fast compare brandscharging take 2 hrs full chargeshould provide plastic caserest phone good normal usage faily activity whatsapp call surfing internet lag issues,5,phone good price range samsung brandinggood thingbattery life good calling data usagedisplay bright enough outdoor issue auto brightnesssound clear speakers well earpiececamera quality ok price range rear camera good front camera okbad thingface unlock fast compare brandscharging take 2 hrs full chargeshould provide plastic caserest phone good normal usage faily activity whatsapp call surfing internet lag issues,Positive
697,"Samsung Galaxy M01 (Black, 3GB RAM, 32GB Storage) with No Cost EMI/Additional Exchange Offers",B086KCCMCP,"
worst thing dont even think buy
", samsung able deliver quality customer expect itthere nothing good phoneits slow hangs download apps even able support half capacity phone rangememoryram supportin 30 days delivery phone showed display problem visited service centre said take least 4 days fix display issue believe done outside wouldnt take 10 mins per leave phone 45 days ordering arranging display bought phone ur baby play video games dont important needs smart phone,1,samsung able deliver quality customer expect itthere nothing good phoneits slow hangs download apps even able support half capacity phone rangememoryram supportin 30 days delivery phone showed display problem visited service centre said take least 4 days fix display issue believe done outside wouldnt take 10 mins per leave phone 45 days ordering arranging display bought phone ur baby play video games dont important needs smart phone,Negative
698,"Samsung Galaxy M01 (Black, 3GB RAM, 32GB Storage) with No Cost EMI/Additional Exchange Offers",B086KCCMCP,"
defective set fingerprint reader
", got defective set calls keep dropping minutes doesnt samsung quality check products sell defective sets fingerprint reader mentioned going buy samsung anymore shifting redmireported amazon good customer service experience refunded amount,1,got defective set calls keep dropping minutes doesnt samsung quality check products sell defective sets fingerprint reader mentioned going buy samsung anymore shifting redmireported amazon good customer service experience refunded amount,Negative
699,"Samsung Galaxy M01 (Black, 3GB RAM, 32GB Storage) with No Cost EMI/Additional Exchange Offers",B086KCCMCP,"
nice
", one best smart phone 9k rs almost provide smart features like wifi calling dual 4g castsurely better chainees brand,5,one best smart phone 9k rs almost provide smart features like wifi calling dual 4g castsurely better chainees brand,Positive
800,"Samsung Galaxy M31s (Mirage Black, 8GB RAM, 128GB Storage)",B07DJLVHYC,"
honest m31s honest performance honest price
", honest review honest samsung phone writing review using m31s half month verdict based truly improved samsung series experience tested usage onlybuild quality superior matches series flagship premium classy look strong built budget amount hand small still found 65 inches display good handle well managed one hand use alsodisplay fingerprintwith samsung superamoled display truly trust amazing view angle m31s feature widevine l certification enjoy global dolby theatre experience found reliable 1920p 4k level movie watching without distraction due infinite display gives full screen ratio fingerprint side much faster expected doesnt takes second also open even faceunlock fasterbatterymain benefit midrange series maasive 6000mah battery gave enough juice nearly 3 days continuously testedcamerathis time series honest job giving us intelli camera 64 mwgapixel single take feature samsung gives advertises made stick samsung brand usage camera high found complaints focusing shoot good color saturated well bright night shots macro shots r osm depth clarity 64 megapixel developed m31s model complaintsprocessorafter using half month must say exynos 9611 works wonderful liquid speed combined lpddr4x ram technology faced lag pubg asphalt9 hight end games medium setting good battery saving 23ghz speed accomplished complaints budget spentsound qualityafter using hours found speaker time samsung made much improved bass stereo missing earlier inear delivers ear pure dolby atmos clear precision crystal clear bass effectbang bucks go thanks amazon safe delivery,5,honest review honest samsung phone writing review using m31s half month verdict based truly improved samsung series experience tested usage onlybuild quality superior matches series flagship premium classy look strong built budget amount hand small still found 65 inches display good handle well managed one hand use alsodisplay fingerprintwith samsung superamoled display truly trust amazing view angle m31s feature widevine l certification enjoy global dolby theatre experience found reliable 1920p 4k level movie watching without distraction due infinite display gives full screen ratio fingerprint side much faster expected doesnt takes second also open even faceunlock fasterbatterymain benefit midrange series maasive 6000mah battery gave enough juice nearly 3 days continuously testedcamerathis time series honest job giving us intelli camera 64 mwgapixel single take feature samsung gives advertises made stick samsung brand usage camera high found complaints focusing shoot good color saturated well bright night shots macro shots r osm depth clarity 64 megapixel developed m31s model complaintsprocessorafter using half month must say exynos 9611 works wonderful liquid speed combined lpddr4x ram technology faced lag pubg asphalt9 hight end games medium setting good battery saving 23ghz speed accomplished complaints budget spentsound qualityafter using hours found speaker time samsung made much improved bass stereo missing earlier inear delivers ear pure dolby atmos clear precision crystal clear bass effectbang bucks go thanks amazon safe delivery,Positive
801,"Samsung Galaxy M31s (Mirage Black, 8GB RAM, 128GB Storage)",B07DJLVHYC,"
jack trades
", ordered prime day 6th august 12 received phone 8th augustall aspects phone par next segmentdisplay gorgeouslookwise doesnt feel like series phonefp sensor works well although store 3 fingerprintscamera overall good cant say camera centric phone obviously however good outputs6000mah battery 25w fast charging awesome get reverse charging wellthe con felt till exclusion phone cover box might sound silly im one guys use phone cover safer side cover im unable use phone daily driver right nowcome samsung much tpu cover cost 50rsm31s actually a51 without screen fp better specs a51 retails around 89k m31s makes phone one kindthe dimensions also a51 use tempered glass cant use a51 back cover m31s since cutout side mounted fp scanneroverall great phone value money say heavy gamer best choice aroundwill update review using phone 2 weekstill book phone wait delivery backordered moment,5,ordered prime day 6th august 12 received phone 8th augustall aspects phone par next segmentdisplay gorgeouslookwise doesnt feel like series phonefp sensor works well although store 3 fingerprintscamera overall good cant say camera centric phone obviously however good outputs6000mah battery 25w fast charging awesome get reverse charging wellthe con felt till exclusion phone cover box might sound silly im one guys use phone cover safer side cover im unable use phone daily driver right nowcome samsung much tpu cover cost 50rsm31s actually a51 without screen fp better specs a51 retails around 89k m31s makes phone one kindthe dimensions also a51 use tempered glass cant use a51 back cover m31s since cutout side mounted fp scanneroverall great phone value money say heavy gamer best choice aroundwill update review using phone 2 weekstill book phone wait delivery backordered moment,Positive
802,"Samsung Galaxy M31s (Mirage Black, 8GB RAM, 128GB Storage)",B07DJLVHYC,"
the phone got dead initial setup
", share horrible experience amazon samsung phone arrived dead make multiple calls emails team get replaced technician report confirming phone dead asking go refund product longer stock,1,share horrible experience amazon samsung phone arrived dead make multiple calls emails team get replaced technician report confirming phone dead asking go refund product longer stock,Negative
803,"Samsung Galaxy M31s (Mirage Black, 8GB RAM, 128GB Storage)",B07DJLVHYC,"
disappointed completely 
", strongly recommend nowhy samsung make lot advertise m31sreally dont know wt makes new compared series single take shot option really uselesspeople r looking camera please dont buy m31sall modes camers pictures 95blur modeperfomance mobile expectationswhen turns selife mode really shocked hd photo asian paints colored wallreally shockedthis time samsung disappointedvideos display also effective starting series said gaming mobilereally gaming mobileno samsung pay nfcno backcaselrather spending 20k m31s supposed switch another modelname blur mobilethanks,1,strongly recommend nowhy samsung make lot advertise m31sreally dont know wt makes new compared series single take shot option really uselesspeople r looking camera please dont buy m31sall modes camers pictures 95blur modeperfomance mobile expectationswhen turns selife mode really shocked hd photo asian paints colored wallreally shockedthis time samsung disappointedvideos display also effective starting series said gaming mobilereally gaming mobileno samsung pay nfcno backcaselrather spending 20k m31s supposed switch another modelname blur mobilethanks,Negative
804,"Samsung Galaxy M31s (Mirage Black, 8GB RAM, 128GB Storage)",B07DJLVHYC,"
strictly satisfactory definitely flagship experience
", initial impression using one day1 display gorgeous feels like high end device2 specs say 6000 mah battery power management mark without using power intensive app battery drain quite pronounced noticeable hopefully samsung release patch fix this3camera impressive good lighting conditions result beautiful detailed shots struggles bit low light conditions overall quite ok price4 processor fastest job nothing complain about5 fingerprint scanner decent6 back case box take time get new case delivered case necessary back panel quite slippery7 believe cost around 17k instead 195k want non chinese phone good option consider,4,initial impression using one day1 display gorgeous feels like high end device2 specs say 6000 mah battery power management mark without using power intensive app battery drain quite pronounced noticeable hopefully samsung release patch fix this3camera impressive good lighting conditions result beautiful detailed shots struggles bit low light conditions overall quite ok price4 processor fastest job nothing complain about5 fingerprint scanner decent6 back case box take time get new case delivered case necessary back panel quite slippery7 believe cost around 17k instead 195k want non chinese phone good option consider,Positive
805,"Samsung Galaxy M31s (Mirage Black, 8GB RAM, 128GB Storage)",B07DJLVHYC,"
screen blacked 2 days
", purchased phone first day delivered amazon next day excellent serviceabout phoneused 2 days screen blacked phone workingtried many things suggested amazon tech team still workingreplacement order placed shows 20 days deliver next onenever expected quality samsung,1,purchased phone first day delivered amazon next day excellent serviceabout phoneused 2 days screen blacked phone workingtried many things suggested amazon tech team still workingreplacement order placed shows 20 days deliver next onenever expected quality samsung,Negative
806,"Samsung Galaxy M31s (Mirage Black, 8GB RAM, 128GB Storage)",B07DJLVHYC,"
best buy compromise
", using last 23 days nowthis review actually using pgone aspectspros 1 canera excellent camera good low light photography 64 megapixel uts wor inteli cam awesome2 display superfine even direct sunlight works excellenttouch excellent3 phone looks really cool hands4 smart pop feature also good have5 ui good6 speaker sound good7 issues calls call drips using airtel simoverall nice experience using phonei researched alot burying phone happy made choicecons 1 battery doesnt look like 6000 mah typically gives 15 days backup single charge phone alao gives relatively less mah batteryi hoping get little backup2 processor could better3 back cover phone hard find market,4,using last 23 days nowthis review actually using pgone aspectspros 1 canera excellent camera good low light photography 64 megapixel uts wor inteli cam awesome2 display superfine even direct sunlight works excellenttouch excellent3 phone looks really cool hands4 smart pop feature also good have5 ui good6 speaker sound good7 issues calls call drips using airtel simoverall nice experience using phonei researched alot burying phone happy made choicecons 1 battery doesnt look like 6000 mah typically gives 15 days backup single charge phone alao gives relatively less mah batteryi hoping get little backup2 processor could better3 back cover phone hard find market,Positive
807,"Samsung Galaxy M31s (Mirage Black, 8GB RAM, 128GB Storage)",B07DJLVHYC,"
hanging slow dont buy dont disappoint careful dont trust amazon
", dont buy anyone worst product waste money rs 18000 product much heating display quality low touch screen working camara worst like 2mp camara also dont trust amazon ordered credit card payment cancelled orders refunded raised complaint amazon use dont purchase amazon samsung m31s hanging even installed single game,1,dont buy anyone worst product waste money rs 18000 product much heating display quality low touch screen working camara worst like 2mp camara also dont trust amazon ordered credit card payment cancelled orders refunded raised complaint amazon use dont purchase amazon samsung m31s hanging even installed single game,Negative
808,"Samsung Galaxy M31s (Mirage Black, 8GB RAM, 128GB Storage)",B07DJLVHYC,"
best mid range device leave chinese devices
", excellent device would enough word describe phonegot prime amazon delivered time delighted wonderful service amazon device masterpieceloaded awesome features like 1 click camera 6000mah battery reverse charging bigger butter smooth super amoled displaysamsung started capture indian market ultimately allow us customers get rid data stealer spy chinese phonesyou definitely go phone blindly,5,excellent device would enough word describe phonegot prime amazon delivered time delighted wonderful service amazon device masterpieceloaded awesome features like 1 click camera 6000mah battery reverse charging bigger butter smooth super amoled displaysamsung started capture indian market ultimately allow us customers get rid data stealer spy chinese phonesyou definitely go phone blindly,Positive
809,"Samsung Galaxy M31s (Mirage Black, 8GB RAM, 128GB Storage)",B07DJLVHYC,"
best buy price
", hi allfrom samsung m31sbought amazon prime day sale placed order 0004 6th august day1 sale got next day noon 2pm kudos amazon indiagrabbed 15999 2k coupon code hdfcs 10 discountbut ordered matte back cover matte temper glass didnt come box also wasnt available near chennai delivery date 18th 25th aug pathetic take care sam31s like babysmall review per knowledge onhand good earlier using oneplus 6 size wise bit bigger 16 65comparing nord memory card slot dependencywhile updating phone first start felt bit heat later finecharged 100 extensive usage gamer battery lasts 36hrs bluetooth earphone timescharging happened 7075 mins intermediate usage betweenearphone jack available comparing nord better bluetooth earphone consumes charge needs charge earphones toosettings ocean settings wonderful touch sensor additional features lock facilitiesbut doesnt indicator front face shows notifications receivedno option find app usage statisticsaudio good clear audio needsphoto video excellent quality photos videos even 3x zoom front camera bit downmacro mode giving great pic close shotshas slowmo super slowmo hyperlapse panaromaar zone pure magical different features front cam back camreverse charging facility amazing box doesnt usb charge cableoverall m31s price worthy sooo many optionsedit corning gorilla glass 3 finejust 10th day purchase phone fallen less 1m height slipped hand display borken handle care,5,hi allfrom samsung m31sbought amazon prime day sale placed order 0004 6th august day1 sale got next day noon 2pm kudos amazon indiagrabbed 15999 2k coupon code hdfcs 10 discountbut ordered matte back cover matte temper glass didnt come box also wasnt available near chennai delivery date 18th 25th aug pathetic take care sam31s like babysmall review per knowledge onhand good earlier using oneplus 6 size wise bit bigger 16 65comparing nord memory card slot dependencywhile updating phone first start felt bit heat later finecharged 100 extensive usage gamer battery lasts 36hrs bluetooth earphone timescharging happened 7075 mins intermediate usage betweenearphone jack available comparing nord better bluetooth earphone consumes charge needs charge earphones toosettings ocean settings wonderful touch sensor additional features lock facilitiesbut doesnt indicator front face shows notifications receivedno option find app usage statisticsaudio good clear audio needsphoto video excellent quality photos videos even 3x zoom front camera bit downmacro mode giving great pic close shotshas slowmo super slowmo hyperlapse panaromaar zone pure magical different features front cam back camreverse charging facility amazing box doesnt usb charge cableoverall m31s price worthy sooo many optionsedit corning gorilla glass 3 finejust 10th day purchase phone fallen less 1m height slipped hand display borken handle care,Positive
820,"Samsung Galaxy M31s (Mirage Black, 8GB RAM, 128GB Storage)",B07DJLVHYC,"
not great one disappointment samsung
", personal view n review upgraded ayear old redmi note 7 pro m31 wanted non chinese phone m31s promo claimed good camera battery etc usage week sure bad decision phone overhyped n priced 15k would right price camera good doesnt give world experience battery 6k doesnt run even 15 day normal use plastic used backcover cheap samsung chipset sucks phone come snapdragon range 15k liking write review samsung disappointed redmi one plus phones clear winners return phone,1,personal view n review upgraded ayear old redmi note 7 pro m31 wanted non chinese phone m31s promo claimed good camera battery etc usage week sure bad decision phone overhyped n priced 15k would right price camera good doesnt give world experience battery 6k doesnt run even 15 day normal use plastic used backcover cheap samsung chipset sucks phone come snapdragon range 15k liking write review samsung disappointed redmi one plus phones clear winners return phone,Negative
821,"Samsung Galaxy M31s (Mirage Black, 8GB RAM, 128GB Storage)",B07DJLVHYC,"
overheating issue
", upper portion phone getting heated using short periodand even making call 23 minutes thing experiencedbut lower portion phnoe seems finealso called amazon technical support check thisthey checked phone servify apptold okif anyone facing thingplease let knowis common issue,1,upper portion phone getting heated using short periodand even making call 23 minutes thing experiencedbut lower portion phnoe seems finealso called amazon technical support check thisthey checked phone servify apptold okif anyone facing thingplease let knowis common issue,Negative
822,"Samsung Galaxy M31s (Mirage Black, 8GB RAM, 128GB Storage)",B07DJLVHYC,"
m31s superb 
", pros 1 display amazing super amoled2 battery huge 6000mah3 camera great especially single take feature4 reverse charging excellent use phone power bank cable box type c type c5 charger 25w fast charging6 ui good easy operate7 fingerprint scanner side fast8 gradient look nicecons 1 chipset still exynos 9611 10nm could better price rangeover great product45 5,5,pros 1 display amazing super amoled2 battery huge 6000mah3 camera great especially single take feature4 reverse charging excellent use phone power bank cable box type c type c5 charger 25w fast charging6 ui good easy operate7 fingerprint scanner side fast8 gradient look nicecons 1 chipset still exynos 9611 10nm could better price rangeover great product45 5,Positive
823,"Samsung Galaxy M31s (Mirage Black, 8GB RAM, 128GB Storage)",B07DJLVHYC,"
totally waste money
", dont buy samsung m31scamera quality badoverall waste money,1,dont buy samsung m31scamera quality badoverall waste money,Negative
824,"Samsung Galaxy M31s (Mirage Black, 8GB RAM, 128GB Storage)",B07DJLVHYC,"
total fraud delivery boy
", phone good delivery boy cheated took 1400 extra accept exchange old phone,1,phone good delivery boy cheated took 1400 extra accept exchange old phone,Negative
825,"Samsung Galaxy M31s (Mirage Black, 8GB RAM, 128GB Storage)",B07DJLVHYC,"
not found charger cable u pin manual handset received box
", found charger cable u pin manualonly handset received box,1,found charger cable u pin manualonly handset received box,Negative
826,"Samsung Galaxy M31s (Mirage Black, 8GB RAM, 128GB Storage)",B07DJLVHYC,"
lot issues like slowness facial recognition
", facial recognition bad phone lagging lot satisfied alll,1,facial recognition bad phone lagging lot satisfied alll,Negative
827,"Samsung Galaxy M31s (Mirage Black, 8GB RAM, 128GB Storage)",B07DJLVHYC,"
awesome phone
", writing review 3 days moderate heavy usagedesign design phone stunning even though made glasstic back dust fingerprint magnet suggest use case 55battery monstrous lasted day watching 2 movies occasional checking mails light gaming browsing social media still 10 left highlight course reverse charging super fast charging support took around 100 120 mins charge phone completely 0 100 55camera one best best camera range sony sensor great job imaging department intelli cam features 455processor ui last 3 days ive using phone ui pretty smooth bloatware stock android lover thankfully able delete preinstalled apps block adsapp recommendations setting phone cool features like smart pop view really awesome processor lag free performance smooth dont want comment gaming heavy gamer overall great choice day day usage 455display comments 55the disappointment case provided box overall would give 55 phone regarding pricing ive compared competitors 6128 gb variants difference 1k 1500 felt fine considering samsung brand features offeredi would recommend one anyone looking decent phone 20k,5,writing review 3 days moderate heavy usagedesign design phone stunning even though made glasstic back dust fingerprint magnet suggest use case 55battery monstrous lasted day watching 2 movies occasional checking mails light gaming browsing social media still 10 left highlight course reverse charging super fast charging support took around 100 120 mins charge phone completely 0 100 55camera one best best camera range sony sensor great job imaging department intelli cam features 455processor ui last 3 days ive using phone ui pretty smooth bloatware stock android lover thankfully able delete preinstalled apps block adsapp recommendations setting phone cool features like smart pop view really awesome processor lag free performance smooth dont want comment gaming heavy gamer overall great choice day day usage 455display comments 55the disappointment case provided box overall would give 55 phone regarding pricing ive compared competitors 6128 gb variants difference 1k 1500 felt fine considering samsung brand features offeredi would recommend one anyone looking decent phone 20k,Positive
828,"Samsung Galaxy M31s (Mirage Black, 8GB RAM, 128GB Storage)",B07DJLVHYC,"
heating camera problem
", phone heating also camera blurring flash light worst camera ever,1,phone heating also camera blurring flash light worst camera ever,Negative
829,"Samsung Galaxy M31s (Mirage Black, 8GB RAM, 128GB Storage)",B07DJLVHYC,"
best phone 20k stylish great cams display battery still exynos samsung
", though big samsung fan purchased samsung m31s immediately india launch yesterday 18k hdfc discount 6128gb waiting nearly 2 months redmi note 9 pro max 6128 17k went 185k due tax production issues coz lockdown impossible buy weekly flash sales coz redmi didnt enough stockout frustration thought buying samsung m31 6128 available 16k exynos processor old dewdrop front cam rear fingerprint scanner 15watt charger 6k battery holded backmy lenovo p2 purchased launch day jan 2017 speaker issues 35 years usage service centre closed city nowhere else speaker availablebut redmi stock issues m31 shortcomings made purchase speaker p2 amazon still using phone repaired phone first time life lenovo p2 underrated phone best battery life ever even 35 years still get 9 10 hrs screen time excellenti used samsung earliernote 3 neogud phone intially later started hanging pathetic battery life main expectation using lenovo p2s huge 5100mah battery 35 yrs battery life heavy user though never play gamesthough m31s processor may great gaming etc gud normal usage concerns m31 overcome m31s like punch hole camera side fingerprint 25 w charger attractive design side frame etc also sony imx 682 sensor new camera features add onalso amazon sale got 500 m31 500 less redmi note 9 pro max normal sale intended buy 2 monthsago 6128 modeli also considered poco x2 coz camera put 4500 mah battery many users issues battery drain also purchased redmi note 9 pro max poco x2 even motorola one fusion plus realme 6 would deeply missed lenovo p2s super amoled displayall chinese brand phones though gud snapdragon processors poor ips display r match super amoled display seen compared ips display phones family friends lenovo p2 super amoled displaythere day night differenceso gone redmi note 9 pro max would missed super amoled display sony sensorin samsung m31s miss snapdragon processorbtw 35 yrs old lenovo p2 snapdragon 625its super power efficient smooth day today tasks heavy multi taskingnever played games thoughhope exynos processor atleast match s625 morei ordered 6th aug around 1215 delivered 8th augfirst impression gud especially camera excellent super amoled displayeven lot better lenovo p2 super amoled displaybuilt quality best series new stylish dual colours also side framebut cant b compared glass backs r awesome fragile reality anyways many us use mobile without caseso shall make impact potential buyers m31scase must m31s coz back though looks like glass plastic easily get scratchesbattery also excellentbeing lenovo p2 user 35 yrs think finally got gud successor cant really tell battery screen time coz installing 100 plus apps logging today charged 21 100 136 hrsso 0 100 might take 155 hrs max 2 hrshuge important m31 battery would take 245 hrs fully chargefingerprint gudits fast u need touch correctlybut getting used side mounted fingerprintit take time front display fingerprint lenovo p2rear camera excellent still checking features intelli cam single take quite interesting helpful important private momentsindoor selfies r excellent provided enough artificial light without much light avg like mid range phoneif use front flash white screen lighting less photo come sharp gud little boosted colours like wat normally redmi realme back cameras doi gamerfor normal apps multi tasking delay allhope long run remains samei still little doubtful abt exynos processor monthsbut processor tried tested samsung many phones hoping best,5,though big samsung fan purchased samsung m31s immediately india launch yesterday 18k hdfc discount 6128gb waiting nearly 2 months redmi note 9 pro max 6128 17k went 185k due tax production issues coz lockdown impossible buy weekly flash sales coz redmi didnt enough stockout frustration thought buying samsung m31 6128 available 16k exynos processor old dewdrop front cam rear fingerprint scanner 15watt charger 6k battery holded backmy lenovo p2 purchased launch day jan 2017 speaker issues 35 years usage service centre closed city nowhere else speaker availablebut redmi stock issues m31 shortcomings made purchase speaker p2 amazon still using phone repaired phone first time life lenovo p2 underrated phone best battery life ever even 35 years still get 9 10 hrs screen time excellenti used samsung earliernote 3 neogud phone intially later started hanging pathetic battery life main expectation using lenovo p2s huge 5100mah battery 35 yrs battery life heavy user though never play gamesthough m31s processor may great gaming etc gud normal usage concerns m31 overcome m31s like punch hole camera side fingerprint 25 w charger attractive design side frame etc also sony imx 682 sensor new camera features add onalso amazon sale got 500 m31 500 less redmi note 9 pro max normal sale intended buy 2 monthsago 6128 modeli also considered poco x2 coz camera put 4500 mah battery many users issues battery drain also purchased redmi note 9 pro max poco x2 even motorola one fusion plus realme 6 would deeply missed lenovo p2s super amoled displayall chinese brand phones though gud snapdragon processors poor ips display r match super amoled display seen compared ips display phones family friends lenovo p2 super amoled displaythere day night differenceso gone redmi note 9 pro max would missed super amoled display sony sensorin samsung m31s miss snapdragon processorbtw 35 yrs old lenovo p2 snapdragon 625its super power efficient smooth day today tasks heavy multi taskingnever played games thoughhope exynos processor atleast match s625 morei ordered 6th aug around 1215 delivered 8th augfirst impression gud especially camera excellent super amoled displayeven lot better lenovo p2 super amoled displaybuilt quality best series new stylish dual colours also side framebut cant b compared glass backs r awesome fragile reality anyways many us use mobile without caseso shall make impact potential buyers m31scase must m31s coz back though looks like glass plastic easily get scratchesbattery also excellentbeing lenovo p2 user 35 yrs think finally got gud successor cant really tell battery screen time coz installing 100 plus apps logging today charged 21 100 136 hrsso 0 100 might take 155 hrs max 2 hrshuge important m31 battery would take 245 hrs fully chargefingerprint gudits fast u need touch correctlybut getting used side mounted fingerprintit take time front display fingerprint lenovo p2rear camera excellent still checking features intelli cam single take quite interesting helpful important private momentsindoor selfies r excellent provided enough artificial light without much light avg like mid range phoneif use front flash white screen lighting less photo come sharp gud little boosted colours like wat normally redmi realme back cameras doi gamerfor normal apps multi tasking delay allhope long run remains samei still little doubtful abt exynos processor monthsbut processor tried tested samsung many phones hoping best,Positive
830,"Samsung Galaxy M31s (Mirage Black, 8GB RAM, 128GB Storage)",B07DJLVHYC,"
not happy
", happy phone apps getting closed automatically wifi mobile data connectivity issues also see two days else place replacement refund request,1,happy phone apps getting closed automatically wifi mobile data connectivity issues also see two days else place replacement refund request,Negative
831,"Samsung Galaxy M31s (Mirage Black, 8GB RAM, 128GB Storage)",B07DJLVHYC,"
think million times purchase phone amazon site
", wrost apps built favor amazon phone getting much heating even cold weather like ac room call also worst apps tested certified okthink million times purchase phone amazon sitenow going file complaint consumer forum per new guidelines consumer,1,wrost apps built favor amazon phone getting much heating even cold weather like ac room call also worst apps tested certified okthink million times purchase phone amazon sitenow going file complaint consumer forum per new guidelines consumer,Negative
832,"Samsung Galaxy M31s (Mirage Black, 8GB RAM, 128GB Storage)",B07DJLVHYC,"
as per price worst phoneplease dont buy worst phone
", much problem phone1 6000mah battery phone doesnt work even half day standby mode2 64megapixel camera quality bad per expactation3 working properly sensor phone face fingerprint4 much time taken charge full battery approx 6hrsplease dont buy worst phone,1,much problem phone1 6000mah battery phone doesnt work even half day standby mode2 64megapixel camera quality bad per expactation3 working properly sensor phone face fingerprint4 much time taken charge full battery approx 6hrsplease dont buy worst phone,Negative
833,"Samsung Galaxy M31s (Mirage Black, 8GB RAM, 128GB Storage)",B07DJLVHYC,"
hang 19499
", phone dead 10 hrs im wait technical visit,1,phone dead 10 hrs im wait technical visit,Negative
834,"Samsung Galaxy M31s (Mirage Black, 8GB RAM, 128GB Storage)",B07DJLVHYC,"
monster cam kittenlike processor
", liked almost everything phone except video movies dark light images become pixelated one thing lag apps smule instanceedit 1 5 days usage without proper back cover slippery due massive battery size phone heavier side apps proper aspect ratio due new dimension phone screenshot option inconvenient compared previous phone xiaomi note 4 one easy use shifted nonchinese phone course chance came expected better chinese phones surely vfm processor huge let seems ram unable cope lack processing speed phone camera good yet using take time samsung nonusersome updates edit 2,4,liked almost everything phone except video movies dark light images become pixelated one thing lag apps smule instanceedit 1 5 days usage without proper back cover slippery due massive battery size phone heavier side apps proper aspect ratio due new dimension phone screenshot option inconvenient compared previous phone xiaomi note 4 one easy use shifted nonchinese phone course chance came expected better chinese phones surely vfm processor huge let seems ram unable cope lack processing speed phone camera good yet using take time samsung nonusersome updates edit 2,Positive
835,"Samsung Galaxy M31s (Mirage Black, 8GB RAM, 128GB Storage)",B07DJLVHYC,"
good phone little high price
", nice phone normal mobile user games msgs callsused couple daysbelow pointspros1 best display2 side finger scanner fast3 good battery life4 good camera day night5 feels lightweight grip good handcons1 plastic body2 quality charging cable ordinary3 samsung included screen guard body cover price4 sure internet gets disconnected frequently seems sort issue,4,nice phone normal mobile user games msgs callsused couple daysbelow pointspros1 best display2 side finger scanner fast3 good battery life4 good camera day night5 feels lightweight grip good handcons1 plastic body2 quality charging cable ordinary3 samsung included screen guard body cover price4 sure internet gets disconnected frequently seems sort issue,Positive
836,"Samsung Galaxy M31s (Mirage Black, 8GB RAM, 128GB Storage)",B07DJLVHYC,"
value money
", good product budget got 18k amazon salephone heavy weight though big batteryexcellent display l1 supportsuper fast chargergood camerasside finger print sensor goodstylish gradient designfew things personally didnt likebuild quality seems fragiletoo much pre installed software samsungno back cover included boxphone looks long depends personal choicei gamerall best budget super amoled mobile price range,5,good product budget got 18k amazon salephone heavy weight though big batteryexcellent display l1 supportsuper fast chargergood camerasside finger print sensor goodstylish gradient designfew things personally didnt likebuild quality seems fragiletoo much pre installed software samsungno back cover included boxphone looks long depends personal choicei gamerall best budget super amoled mobile price range,Positive
837,"Samsung Galaxy M31s (Mirage Black, 8GB RAM, 128GB Storage)",B07DJLVHYC,"
little overpriced ergonomic narrow tall
", consbutton position power volume highthough battery capacity high battery drains fasta lot bloatware removed loads stuff tons still leftwidth less height morethe width less motog5s hence disturbs viewing experience eg viewing youtube video vertical mannerprosthe fingerprint reader integrated power button nice touch open press lockdoes feel heavynice displaythe camera decent25w charger better 15w m31,3,consbutton position power volume highthough battery capacity high battery drains fasta lot bloatware removed loads stuff tons still leftwidth less height morethe width less motog5s hence disturbs viewing experience eg viewing youtube video vertical mannerprosthe fingerprint reader integrated power button nice touch open press lockdoes feel heavynice displaythe camera decent25w charger better 15w m31,Neutral
838,"Samsung Galaxy M31s (Mirage Black, 8GB RAM, 128GB Storage)",B07DJLVHYC,"
issues device 
", two issues detected 1 considerable voice fluctuation receiver device talking call voice person another end fluctuates decrease increase frequently2 single take camera feature working properly capture single take gives 3 videos 7 photos along meant forone could ignore non working camera feature receiver related issue overlookedwhen new model launched market recommended wait atleast 115 months buying detected bugs would fixed company devices manufactured afterwardsi made mistake hope helps others,3,two issues detected 1 considerable voice fluctuation receiver device talking call voice person another end fluctuates decrease increase frequently2 single take camera feature working properly capture single take gives 3 videos 7 photos along meant forone could ignore non working camera feature receiver related issue overlookedwhen new model launched market recommended wait atleast 115 months buying detected bugs would fixed company devices manufactured afterwardsi made mistake hope helps others,Neutral
839,"Samsung Galaxy M31s (Mirage Black, 8GB RAM, 128GB Storage)",B07DJLVHYC,"
its samhang samsung
", looks wise rocksdispaly amazing touch also smooth totally first impression awesome got defective piece flash mobile got big brand samsung mistakeshorrible experience,1,looks wise rocksdispaly amazing touch also smooth totally first impression awesome got defective piece flash mobile got big brand samsung mistakeshorrible experience,Negative
840,"Samsung Galaxy M31s (Mirage Black, 8GB RAM, 128GB Storage)",B07DJLVHYC,"
no 4g connection available set network mode 4g
", 4g network mode option available set mobile network 4g connection 3glte option exist screen shot attached basic setting shockingly missingmy vodafone 4g sim works good oppo f3 mobile setting network mode 4gif didnt get solution either amazon samsung return mobile,1,4g network mode option available set mobile network 4g connection 3glte option exist screen shot attached basic setting shockingly missingmy vodafone 4g sim works good oppo f3 mobile setting network mode 4gif didnt get solution either amazon samsung return mobile,Negative
841,"Samsung Galaxy M31s (Mirage Black, 8GB RAM, 128GB Storage)",B07DJLVHYC,"
not recommended
", waste money overrated phone haptic feedback missing poor camera quality without secure foldar knox,1,waste money overrated phone haptic feedback missing poor camera quality without secure foldar knox,Negative
842,"Samsung Galaxy M31s (Mirage Black, 8GB RAM, 128GB Storage)",B07DJLVHYC,"
a phone mixed feelings
", got paidpros1 excellent display camera2 better sound output3 battery4 support widevine l1 streaming full hd contents netflix amazon prime etc5 glastic back6 headphone jackcons1 lots bloatware even choose skip setup eventually install later on2 nfc3 little heatup issues there4 phone case screen guard provided5 year old processor may slowdown updatesi havent tried games yet cannot comment processors maximum capabilityat 19k phone really worth camera display,4,got paidpros1 excellent display camera2 better sound output3 battery4 support widevine l1 streaming full hd contents netflix amazon prime etc5 glastic back6 headphone jackcons1 lots bloatware even choose skip setup eventually install later on2 nfc3 little heatup issues there4 phone case screen guard provided5 year old processor may slowdown updatesi havent tried games yet cannot comment processors maximum capabilityat 19k phone really worth camera display,Positive
843,"Samsung Galaxy M31s (Mirage Black, 8GB RAM, 128GB Storage)",B07DJLVHYC,"
heating hanging
", worst experience facing ryt nw device start getting heat even taking call 5 min also app doesnt operate properly device os hanging legging also seen starts 2 days amazon saying thjs normal heating issue giving replacement refund deviceso guys take care buy device,1,worst experience facing ryt nw device start getting heat even taking call 5 min also app doesnt operate properly device os hanging legging also seen starts 2 days amazon saying thjs normal heating issue giving replacement refund deviceso guys take care buy device,Negative
844,"Samsung Galaxy M31s (Mirage Black, 8GB RAM, 128GB Storage)",B07DJLVHYC,"
worth it
", sure call budget phone mid range phone worth cost got delivered promised seems good battery life 2nd day still got 50 watching movies craze features dont money buy high end phone 31s better choice product little bulky mia1 display best amoled phone doesnt seem heat charging isnt 97 mins said find around 110120 mins like normal phones battery discharge quite good found stock android little flexible comparatively complaint overall one best phones ever phone supports dual sim sd card really quality phone made india,4,sure call budget phone mid range phone worth cost got delivered promised seems good battery life 2nd day still got 50 watching movies craze features dont money buy high end phone 31s better choice product little bulky mia1 display best amoled phone doesnt seem heat charging isnt 97 mins said find around 110120 mins like normal phones battery discharge quite good found stock android little flexible comparatively complaint overall one best phones ever phone supports dual sim sd card really quality phone made india,Positive
845,"Samsung Galaxy M31s (Mirage Black, 8GB RAM, 128GB Storage)",B07DJLVHYC,"
worst ever experience mobile phone
", phone working expected slow even getting frequent error system ui respondingi need return set purchase phone maker set amazon allowing seems difficult contact amazon customer care covid timethis worst experience phone used till date,1,phone working expected slow even getting frequent error system ui respondingi need return set purchase phone maker set amazon allowing seems difficult contact amazon customer care covid timethis worst experience phone used till date,Negative
846,"Samsung Galaxy M31s (Mirage Black, 8GB RAM, 128GB Storage)",B07DJLVHYC,"
expectations ruined
", honestly rarely review products expected lot samsung galaxy series particularly m31s purchased one m21 father m31 sister m31s self exchange oppo f9 happy received m31s disappointed poor packaging still manage anxiety taste set handset absolute premium looks picture quality captured photos disappointed battery unable give feelings 6000mah like less 4000mah network comparatively weak followed procedure replacement technician asked install blancco app run diagnostic asked go battery calibration test one day process followed process replacement technician checked things last told replacement may possible m31s rather adviced go refund process foolish technician rarely knew process exchange purchase second attempt replacement process came know first technician registered complain problem m21 foolish compared m31s another m31s purchased neighbor found set weaker one replacement done near future amazon satisfied rate 5star otherwise withdraw prime membership close relationships amazon,2,honestly rarely review products expected lot samsung galaxy series particularly m31s purchased one m21 father m31 sister m31s self exchange oppo f9 happy received m31s disappointed poor packaging still manage anxiety taste set handset absolute premium looks picture quality captured photos disappointed battery unable give feelings 6000mah like less 4000mah network comparatively weak followed procedure replacement technician asked install blancco app run diagnostic asked go battery calibration test one day process followed process replacement technician checked things last told replacement may possible m31s rather adviced go refund process foolish technician rarely knew process exchange purchase second attempt replacement process came know first technician registered complain problem m21 foolish compared m31s another m31s purchased neighbor found set weaker one replacement done near future amazon satisfied rate 5star otherwise withdraw prime membership close relationships amazon,Negative
847,"Samsung Galaxy M31s (Mirage Black, 8GB RAM, 128GB Storage)",B07DJLVHYC,"
good choice
", awesome camera qualitypowerful batterynice build qualityexynos 9611 bad mean trust working person average mobile user wont feel issue processorif looking non chinese brand choose phone blindlyif compare price phone much better one plus nord even going comparing phone cheap disgusting redmi oppo vivo etc phones,5,awesome camera qualitypowerful batterynice build qualityexynos 9611 bad mean trust working person average mobile user wont feel issue processorif looking non chinese brand choose phone blindlyif compare price phone much better one plus nord even going comparing phone cheap disgusting redmi oppo vivo etc phones,Positive
848,"Samsung Galaxy M31s (Mirage Black, 8GB RAM, 128GB Storage)",B07DJLVHYC,"
good phone good display heating issue exists
", mobile good especially display tremendous price segmentbut issue heating mobile mobile gets hot 10 minutes use want know manufacturer fixed software update,3,mobile good especially display tremendous price segmentbut issue heating mobile mobile gets hot 10 minutes use want know manufacturer fixed software update,Neutral
849,"Samsung Galaxy M31s (Mirage Black, 8GB RAM, 128GB Storage)",B07DJLVHYC,"
6000mah battery 64mp camera samoled wifi calling made india
", first best part wifi calling dont run balcony catch signals wifi connectionsecond best part beautiful tag line made indiabattery literally monster matter heavy user long last atleast full day 15 daysscreen quality better iphone 7 thanks samoledcamera quality better iphone 7 thanks 4 camerasprocessor mediocre nothing great boast respect iphone 7 smootherandroid vs ios ios lot better androidoverall happy samsung m31s45 5 stars,5,first best part wifi calling dont run balcony catch signals wifi connectionsecond best part beautiful tag line made indiabattery literally monster matter heavy user long last atleast full day 15 daysscreen quality better iphone 7 thanks samoledcamera quality better iphone 7 thanks 4 camerasprocessor mediocre nothing great boast respect iphone 7 smootherandroid vs ios ios lot better androidoverall happy samsung m31s45 5 stars,Positive
850,"Samsung Galaxy M31s (Mirage Black, 8GB RAM, 128GB Storage)",B07DJLVHYC,"
screen blackout
", bought cellphone backup phone within 8 days usage sudden pigmentation around bottom left screen amazon shows replacement valid till 16th aug 10 days date order deliverysince newly launched model service center saying dont spares helpless,1,bought cellphone backup phone within 8 days usage sudden pigmentation around bottom left screen amazon shows replacement valid till 16th aug 10 days date order deliverysince newly launched model service center saying dont spares helpless,Negative
851,"Samsung Galaxy M31s (Mirage Black, 8GB RAM, 128GB Storage)",B07DJLVHYC,"
dont buy phone
", firstly giving 1star processor think samsung must upgrade exynos processor 2 days use phone heat much battery drained fastpros1 best camera camera features specially singal take2 best battery 6000 mah reverse charging 25 watt fast charging3 samoled display one best display say cons1 processor bad say old one2 feel network connectivity issu airtel3 build quality bad use glass body could much better4 overpriced 15k 2k5 heating issue6 battery draining issue7 take 3 hours full charge,1,firstly giving 1star processor think samsung must upgrade exynos processor 2 days use phone heat much battery drained fastpros1 best camera camera features specially singal take2 best battery 6000 mah reverse charging 25 watt fast charging3 samoled display one best display say cons1 processor bad say old one2 feel network connectivity issu airtel3 build quality bad use glass body could much better4 overpriced 15k 2k5 heating issue6 battery draining issue7 take 3 hours full charge,Negative
852,"Samsung Galaxy M31s (Mirage Black, 8GB RAM, 128GB Storage)",B07DJLVHYC,"
amazing phone budget one glaring flaw
", amazing phone camera really good samsungs oneui feature rich display battery real mvps huge battery phone doesnt feel heavy lighter phones within price rangebut thats use glass samsung uses material basically plastic honest would pick plastic glass anyday glass glass glass breaks besides point glass back doesnt wireless charging well rightspeaking camera similar midranger highlight would say single take fun use helpful well didnt expect like much amazingnow display huge vibrant pleasure look sure may 60hz samoled panel cut restand 6000mah battery coupled 25w fast charger charged phone reasonably fast 80 minutes 10 98 definitely twoday phone midweight user primarily media consumptionthe one glaring issue processor extension gpu noticeably inferior snapdragon 720g 730g 730 find phones similar price range difference apparent daily usage im sure impact lot scroll media lot game lot youre gamer would suggest chinese oem better hardware pricein conclusion media consumer also uses camera lot buy phone without doubt anything gamer person wants futureproof phone etc would look elsewherei love phone fits usage perfectly,4,amazing phone camera really good samsungs oneui feature rich display battery real mvps huge battery phone doesnt feel heavy lighter phones within price rangebut thats use glass samsung uses material basically plastic honest would pick plastic glass anyday glass glass glass breaks besides point glass back doesnt wireless charging well rightspeaking camera similar midranger highlight would say single take fun use helpful well didnt expect like much amazingnow display huge vibrant pleasure look sure may 60hz samoled panel cut restand 6000mah battery coupled 25w fast charger charged phone reasonably fast 80 minutes 10 98 definitely twoday phone midweight user primarily media consumptionthe one glaring issue processor extension gpu noticeably inferior snapdragon 720g 730g 730 find phones similar price range difference apparent daily usage im sure impact lot scroll media lot game lot youre gamer would suggest chinese oem better hardware pricein conclusion media consumer also uses camera lot buy phone without doubt anything gamer person wants futureproof phone etc would look elsewherei love phone fits usage perfectly,Positive
853,"Samsung Galaxy M31s (Mirage Black, 8GB RAM, 128GB Storage)",B07DJLVHYC,"
best branded non chinese smartphone segment
", one word phone awesome u go writing review 3 months usagepros1 battery life awesome normally last day vast usage got maximum backup 3 day single charge normal usage2 64 mp camera fantastic pictures crisp detailed even haze sufficient zoom night mode much better phones3 look also good punch hole camera samsung maintained premium look even housing 6000 mah battery phone looks slim4 display much better even premium chinese smartphone super amoled is5 finger print sensor much faster face lock also good6 speakers loud crisp u get clear loud detailed sound calling music videos playing7 gastric look also provide premium look even glass back desired becomes standard days8 phone weight less 6000 mah battery takes 15 hrs completely charge thanks 25 watts super fast charging samsung,5,one word phone awesome u go writing review 3 months usagepros1 battery life awesome normally last day vast usage got maximum backup 3 day single charge normal usage2 64 mp camera fantastic pictures crisp detailed even haze sufficient zoom night mode much better phones3 look also good punch hole camera samsung maintained premium look even housing 6000 mah battery phone looks slim4 display much better even premium chinese smartphone super amoled is5 finger print sensor much faster face lock also good6 speakers loud crisp u get clear loud detailed sound calling music videos playing7 gastric look also provide premium look even glass back desired becomes standard days8 phone weight less 6000 mah battery takes 15 hrs completely charge thanks 25 watts super fast charging samsung,Positive
854,"Samsung Galaxy M31s (Mirage Black, 8GB RAM, 128GB Storage)",B07DJLVHYC,"
amazons new trap samsungs worst product
", issuei purchased mobile play pubg games play games mobile dream stucking play amazon providing return replacement option return window still openregarding amazon servicethis time amzon changed policy replacement option available wont able replace facing issue technical staff approve accept itregarding samsungi tried samsun mobile device time company havent changed far showing super fast processor ram wont able play game like pubg game games stucking recommend samsung mobile buy note 9 pro insted samsung mobilesconclusion buying product amazon please check providing return replacement option providing replacement option dont buy products amazon trapdont waste money amazon proven buy product online purchasing facing issue afterwords support team help return itthia review chalanges im facing amazongod bless guys,1,issuei purchased mobile play pubg games play games mobile dream stucking play amazon providing return replacement option return window still openregarding amazon servicethis time amzon changed policy replacement option available wont able replace facing issue technical staff approve accept itregarding samsungi tried samsun mobile device time company havent changed far showing super fast processor ram wont able play game like pubg game games stucking recommend samsung mobile buy note 9 pro insted samsung mobilesconclusion buying product amazon please check providing return replacement option providing replacement option dont buy products amazon trapdont waste money amazon proven buy product online purchasing facing issue afterwords support team help return itthia review chalanges im facing amazongod bless guys,Negative
855,"Samsung Galaxy M31s (Mirage Black, 8GB RAM, 128GB Storage)",B07DJLVHYC,"
heating issue pathetic
", phone getting heat please dont buy ever,1,phone getting heat please dont buy ever,Negative
856,"Samsung Galaxy M31s (Mirage Black, 8GB RAM, 128GB Storage)",B07DJLVHYC,"
worst worst worst core
", samsung m31s heap reals bad experiencewhen use system appsscreen gets blinkswhile playing video screen gets blinks irritates us use ,1,samsung m31s heap reals bad experiencewhen use system appsscreen gets blinkswhile playing video screen gets blinks irritates us use,Negative
857,"Samsung Galaxy M31s (Mirage Black, 8GB RAM, 128GB Storage)",B07DJLVHYC,"
multiple issues
", phone multiple issues1 screen flickering issue slow motion n super slow motion2 volume controls working screen mirroring3 severe heat talking minutes still ears r burning ,3,phone multiple issues1 screen flickering issue slow motion n super slow motion2 volume controls working screen mirroring3 severe heat talking minutes still ears r burning,Neutral
858,"Samsung Galaxy M31s (Mirage Black, 8GB RAM, 128GB Storage)",B07DJLVHYC,"
worst camera samsung worst support amazon team
", dont go product upto mark mentioned product description camera quality good face unlock slow also phone refreshing rate slowalso amazon team helping returning product trying return within 24hrs deliveryworst camera samsungworst support amazon team,1,dont go product upto mark mentioned product description camera quality good face unlock slow also phone refreshing rate slowalso amazon team helping returning product trying return within 24hrs deliveryworst camera samsungworst support amazon team,Negative
859,"Samsung Galaxy M31s (Mirage Black, 8GB RAM, 128GB Storage)",B07DJLVHYC,"
worst phone upper part heating problem
", lots lots heating problem upper part phone calling browsing issue cant call without earphones camera also good mentioned battery also draining fast ,1,lots lots heating problem upper part phone calling browsing issue cant call without earphones camera also good mentioned battery also draining fast,Negative
860,"Samsung Galaxy M31s (Mirage Black, 8GB RAM, 128GB Storage)",B07DJLVHYC,"
accessories missing
", phone delivered without sim ejector pin outer case plastic packaging outside box seal present,1,phone delivered without sim ejector pin outer case plastic packaging outside box seal present,Negative
861,"Samsung Galaxy M31s (Mirage Black, 8GB RAM, 128GB Storage)",B07DJLVHYC,"
good
", havent words m31s great didnt like chinese itemsthanks,5,havent words m31s great didnt like chinese itemsthanks,Positive
862,"Samsung Galaxy M31s (Mirage Black, 8GB RAM, 128GB Storage)",B07DJLVHYC,"
not mark
", bought phone reason best camera 5 days use satisfied phone reasons1 camera mark low light photo badphoto looks blur night also camera good v take good photo evening time phones give us better photosno ai support camera portrait mode one click also perfect macro also good2 battery 6000 battery feels like 4500mah battery one day use3 processer dont feel lagbut youtube videos see processor good enough phone4 second space option ir remote gallery doest discoveralbum options like iphone honor phone5 screen recording option network speed showing optionpros1 single shot get many videos photos2 great display design3 smooth touch fast fingerprint sensor,2,bought phone reason best camera 5 days use satisfied phone reasons1 camera mark low light photo badphoto looks blur night also camera good v take good photo evening time phones give us better photosno ai support camera portrait mode one click also perfect macro also good2 battery 6000 battery feels like 4500mah battery one day use3 processer dont feel lagbut youtube videos see processor good enough phone4 second space option ir remote gallery doest discoveralbum options like iphone honor phone5 screen recording option network speed showing optionpros1 single shot get many videos photos2 great display design3 smooth touch fast fingerprint sensor,Negative
863,"Samsung Galaxy M31s (Mirage Black, 8GB RAM, 128GB Storage)",B07DJLVHYC,"
samsung always best
", used various mobiles samsung really price saver satusfier product samsung m31 best mobile reviewing features1 camera quality awesome sony made2 screen fully hd3gamers invited purchase awesome processor games like pubg4 reverse charging really amazed me5battery backup highit one disadvantage contains plastic body like finally reached conclusion mobile really awesome ,4,used various mobiles samsung really price saver satusfier product samsung m31 best mobile reviewing features1 camera quality awesome sony made2 screen fully hd3gamers invited purchase awesome processor games like pubg4 reverse charging really amazed me5battery backup highit one disadvantage contains plastic body like finally reached conclusion mobile really awesome,Positive
864,"Samsung Galaxy M31s (Mirage Black, 8GB RAM, 128GB Storage)",B07DJLVHYC,"
must buy
", bought amazon prime day sale phone looks premium amoled display amazing single take option photos work perfectly allows take multiple shots one go phone battery also good works one half day without charge moderate use overall premium phone decent price,5,bought amazon prime day sale phone looks premium amoled display amazing single take option photos work perfectly allows take multiple shots one go phone battery also good works one half day without charge moderate use overall premium phone decent price,Positive
865,"Samsung Galaxy M31s (Mirage Black, 8GB RAM, 128GB Storage)",B07DJLVHYC,"
excellent purchase ever made amazon
", samsung galaxy m31s anticipated mobile ever unique mixture series mobile features 1st mobile series provide many flagship features like single take 25w fast charging infinity display even secured knoxpros1big battery quite good 1 half day use light user definately gets 2 completedays2 camera also pretty good flagship features bundled it3 display advantage samsung mobile pretty well looking much premium4 loud speaker samsung doesnt teased sound quality really satisfying5 knox security available may limited functions havent seen secured folder nfc still differentiating series mobile6 experience good im gamer overall havent noticed issues ui software processor7 looks really premium metallic finishing gave stunning look mobile note comes plastic body onlycons1 although charger 25w charger taking 2hours charge completely may monster 6000mah battery2 side mounted fingerprint scanner con since havent used bit difficult use3 phone slightly heavy thats battery weight balance goodfinally heavy user heavy games looking clean android experience miui colour os etc adware apps mobile perfect purchase,5,samsung galaxy m31s anticipated mobile ever unique mixture series mobile features 1st mobile series provide many flagship features like single take 25w fast charging infinity display even secured knoxpros1big battery quite good 1 half day use light user definately gets 2 completedays2 camera also pretty good flagship features bundled it3 display advantage samsung mobile pretty well looking much premium4 loud speaker samsung doesnt teased sound quality really satisfying5 knox security available may limited functions havent seen secured folder nfc still differentiating series mobile6 experience good im gamer overall havent noticed issues ui software processor7 looks really premium metallic finishing gave stunning look mobile note comes plastic body onlycons1 although charger 25w charger taking 2hours charge completely may monster 6000mah battery2 side mounted fingerprint scanner con since havent used bit difficult use3 phone slightly heavy thats battery weight balance goodfinally heavy user heavy games looking clean android experience miui colour os etc adware apps mobile perfect purchase,Positive
866,"Samsung Galaxy M31s (Mirage Black, 8GB RAM, 128GB Storage)",B07DJLVHYC,"
the camera quality really better specially night shots
", appreciate camera quality m31s selfie camera quality rear camera night shots shots dark much better rear camera nice focus though able take clear long distance shots 100mts far shots within 2030 meters perfecti impressed performance charging well 6gb ram im gamer hence could comment else good battery life,5,appreciate camera quality m31s selfie camera quality rear camera night shots shots dark much better rear camera nice focus though able take clear long distance shots 100mts far shots within 2030 meters perfecti impressed performance charging well 6gb ram im gamer hence could comment else good battery life,Positive
867,"Samsung Galaxy M31s (Mirage Black, 8GB RAM, 128GB Storage)",B07DJLVHYC,"
disappointed samsung
", heres honest review weeks usage please take time read pros cons device ill start pros firstpros samsung display never disappoints good colors device pretty smooth use theres lag whilst browsing using multiple apps background sound output decent price rangecons battery life supposed last atleast day half 6k mah battery get 10 hours battery life normal usage whatsapp youtube music browsing finger print scanner upto mark since narrow thin button doesnt recognise print sometimes thick fingers maybe face unlock pathetic sometimes think scanning someone elses face times time never recognises face eventhough ive registered face bright environment low light forget notifications bug play whatsapp audio voice note constantly notifies annoying whilst riding listening music theres notification bg every song notifies annoying eventhough turned notification reminder camera quality decent great like theyve advertised low light shots grainy bright environments capture good pics screen recording notification lights although downloaded play store theres app whole point android phone basic feature previous cheap chinese huawei phone featuresanyway overall wouldnt recommend youre looking battery life itll disappoint im quite disappointed phone doubt id go samsung thanks reading good day,3,heres honest review weeks usage please take time read pros cons device ill start pros firstpros samsung display never disappoints good colors device pretty smooth use theres lag whilst browsing using multiple apps background sound output decent price rangecons battery life supposed last atleast day half 6k mah battery get 10 hours battery life normal usage whatsapp youtube music browsing finger print scanner upto mark since narrow thin button doesnt recognise print sometimes thick fingers maybe face unlock pathetic sometimes think scanning someone elses face times time never recognises face eventhough ive registered face bright environment low light forget notifications bug play whatsapp audio voice note constantly notifies annoying whilst riding listening music theres notification bg every song notifies annoying eventhough turned notification reminder camera quality decent great like theyve advertised low light shots grainy bright environments capture good pics screen recording notification lights although downloaded play store theres app whole point android phone basic feature previous cheap chinese huawei phone featuresanyway overall wouldnt recommend youre looking battery life itll disappoint im quite disappointed phone doubt id go samsung thanks reading good day,Neutral
868,"Samsung Galaxy M31s (Mirage Black, 8GB RAM, 128GB Storage)",B07DJLVHYC,"
truly unbiased review
", processor main drawbackcamera super awesome day light struggles low light conditions finger print sensor accuracy 60 phone overpriced compare brands 9611 exynos junk redmi note 5 pro performaning better 9611 chipsetscreen treat eyes undoubtedlycharges 97min 0100 switch modedoesnt overheat allsound averagevoice quality goodsignal reception goodall neglected aged lagging processor thumbs,3,processor main drawbackcamera super awesome day light struggles low light conditions finger print sensor accuracy 60 phone overpriced compare brands 9611 exynos junk redmi note 5 pro performaning better 9611 chipsetscreen treat eyes undoubtedlycharges 97min 0100 switch modedoesnt overheat allsound averagevoice quality goodsignal reception goodall neglected aged lagging processor thumbs,Neutral
869,"Samsung Galaxy M31s (Mirage Black, 8GB RAM, 128GB Storage)",B07DJLVHYC,"
you told explain problem receiver boy
", return boy received mobile told work im already complete working,1,return boy received mobile told work im already complete working,Negative
870,"Samsung Galaxy M31s (Mirage Black, 8GB RAM, 128GB Storage)",B07DJLVHYC,"
received defective item agent denies return pickup worst experience
", screen phone broken received calling customer service cant replace product since stock filed refund pickup agent denied picking product saying needs confirmation email first called customer support told pickup guy reported imei mismatched didnt pickup reality didnt even check imei since filed pickup 4 times nobody shown pick pathetic behaviour bhopal logistics team amazon support talks politely us assure us pickup nothing,1,screen phone broken received calling customer service cant replace product since stock filed refund pickup agent denied picking product saying needs confirmation email first called customer support told pickup guy reported imei mismatched didnt pickup reality didnt even check imei since filed pickup 4 times nobody shown pick pathetic behaviour bhopal logistics team amazon support talks politely us assure us pickup nothing,Negative
871,"Samsung Galaxy M31s (Mirage Black, 8GB RAM, 128GB Storage)",B07DJLVHYC,"
worst mobile
", worst mobile ever phone heating much complain amazon expecting complain,1,worst mobile ever phone heating much complain amazon expecting complain,Negative
872,"Samsung Galaxy M31s (Mirage Black, 8GB RAM, 128GB Storage)",B07DJLVHYC,"
worthless phone buy
", worst phone worthlesscamera quality poortakes blurry shotsthere easy way click slefies phone length hard reach buttons palm sensor takes blurred selfies delay loading picturesany chinese phone 10k much better thisperformance upto mark claim fingerprint sensor takes time unlock phone hardly recognizes face phone quick opening app anythingwidth phone less compare 65 inch phonesits absolute waste moneythis phone worth 8k wasted money worthless due hyped advertisement get rid chinese products,1,worst phone worthlesscamera quality poortakes blurry shotsthere easy way click slefies phone length hard reach buttons palm sensor takes blurred selfies delay loading picturesany chinese phone 10k much better thisperformance upto mark claim fingerprint sensor takes time unlock phone hardly recognizes face phone quick opening app anythingwidth phone less compare 65 inch phonesits absolute waste moneythis phone worth 8k wasted money worthless due hyped advertisement get rid chinese products,Negative
873,"Samsung Galaxy M31s (Mirage Black, 8GB RAM, 128GB Storage)",B07DJLVHYC,"
bad experience samsung
", 1 excess heating charging using camera using 2 minutes2 camera really good loved ar3 charger really charge fast battery whatever mentioned 6000 mah doesnt really upto mark4 time faceid doesnt work faceid slow5 touch quality good6 side mounted fingerprint reader doesnt give expected result7 overall disappointed wont opt samsung future,2,1 excess heating charging using camera using 2 minutes2 camera really good loved ar3 charger really charge fast battery whatever mentioned 6000 mah doesnt really upto mark4 time faceid doesnt work faceid slow5 touch quality good6 side mounted fingerprint reader doesnt give expected result7 overall disappointed wont opt samsung future,Negative
874,"Samsung Galaxy M31s (Mirage Black, 8GB RAM, 128GB Storage)",B07DJLVHYC,"
bad performance
", bad product dont buy hold money go devices,1,bad product dont buy hold money go devices,Negative
875,"Samsung Galaxy M31s (Mirage Black, 8GB RAM, 128GB Storage)",B07DJLVHYC,"
another excellent series mobile samsung
", another excellent series mobile samsung look mobile elegant amoled screen much vibrant better previously launched m30s also felt screen size slightly 2 mm larger m30s front camera placed slightly 2mm lower top edge henceforth may hinder video viewing enlarged screen mode battery monster 6000 mah need worry charging atleast 2 days respect way use also thanks reverse charging facility samsung introduced model gadget cport charged directly charging cable provided ends charging cable c port think feature introduced samsung budget range less 20k however connecting laptop may use m30s charge cable also heating problem charging also charging time approx one half hour zero full charge believe decent battery capacity 6000 mahthe sound quality great camera quality primary 64mp front 32 mp awesome flash available front cam well similar retina flash iphone 7 plus depth similar portrait mode iphone macro modes useful capturing smaller size objects decent though excellent yet check wide angle mode camera also yet check night mode shots also special features like single click easy use capture bunch photos video best required ones chosen rest deleted features like single video recording front back cam smart selfie option yet explore review quality received mobile also liked concept introduction finger print power button right side specification processor ram storage space decent price paid also believe samsung offering mobiles decent spec lesser price compared premium brands like one plus mi etc also thanks amazon delivering mobile within 5 days ie week earlier promised date see mobile available time order placement demand earlier bought 2 qty m30s good experience using never experienced performance issues also series mobiles quite sturdy believe much better experience m31s thanks samsung continual launch better quality mobiles competitive price also samsung galaxy eco system apps cloud pretty decent also good experience services samsung incase damage mobile overall happy product also services samsung amazon,5,another excellent series mobile samsung look mobile elegant amoled screen much vibrant better previously launched m30s also felt screen size slightly 2 mm larger m30s front camera placed slightly 2mm lower top edge henceforth may hinder video viewing enlarged screen mode battery monster 6000 mah need worry charging atleast 2 days respect way use also thanks reverse charging facility samsung introduced model gadget cport charged directly charging cable provided ends charging cable c port think feature introduced samsung budget range less 20k however connecting laptop may use m30s charge cable also heating problem charging also charging time approx one half hour zero full charge believe decent battery capacity 6000 mahthe sound quality great camera quality primary 64mp front 32 mp awesome flash available front cam well similar retina flash iphone 7 plus depth similar portrait mode iphone macro modes useful capturing smaller size objects decent though excellent yet check wide angle mode camera also yet check night mode shots also special features like single click easy use capture bunch photos video best required ones chosen rest deleted features like single video recording front back cam smart selfie option yet explore review quality received mobile also liked concept introduction finger print power button right side specification processor ram storage space decent price paid also believe samsung offering mobiles decent spec lesser price compared premium brands like one plus mi etc also thanks amazon delivering mobile within 5 days ie week earlier promised date see mobile available time order placement demand earlier bought 2 qty m30s good experience using never experienced performance issues also series mobiles quite sturdy believe much better experience m31s thanks samsung continual launch better quality mobiles competitive price also samsung galaxy eco system apps cloud pretty decent also good experience services samsung incase damage mobile overall happy product also services samsung amazon,Positive
876,"Samsung Galaxy M31s (Mirage Black, 8GB RAM, 128GB Storage)",B07DJLVHYC,"
i satisfied performance
", facial recognition working says 64mb camera writings performance6000 mah battery drain 8hrs even continues watch basic youtube normal fb browsing recommend mobile anyone wish camera battery,2,facial recognition working says 64mb camera writings performance6000 mah battery drain 8hrs even continues watch basic youtube normal fb browsing recommend mobile anyone wish camera battery,Negative
877,"Samsung Galaxy M31s (Mirage Black, 8GB RAM, 128GB Storage)",B07DJLVHYC,"
satisfactory worth money happy buy first sale
", first ever samsung phonefeels like premium phone hold handdisplay awesome bright even outdoorsweight phone little bit didnt feel heavy samsung done weight balance pretty good mannerprocessor good didnt feel lag till nowfingerprint scanner little bit slow sometimes needs press hard scancamera quality also good especially daylight typical super slow motion videowhich like limited durationbattery last 2430 hrs normal use battery optimization could better battery life improved changing power mode settingthe 25w charger also good made indiasamsung ui also goodsamsung provided least case 20k phone hard find case market newly launched phoneoverall worth money 455 starbetter chinese phonesdo buy samsung phones instead cheap chinese phones,5,first ever samsung phonefeels like premium phone hold handdisplay awesome bright even outdoorsweight phone little bit didnt feel heavy samsung done weight balance pretty good mannerprocessor good didnt feel lag till nowfingerprint scanner little bit slow sometimes needs press hard scancamera quality also good especially daylight typical super slow motion videowhich like limited durationbattery last 2430 hrs normal use battery optimization could better battery life improved changing power mode settingthe 25w charger also good made indiasamsung ui also goodsamsung provided least case 20k phone hard find case market newly launched phoneoverall worth money 455 starbetter chinese phonesdo buy samsung phones instead cheap chinese phones,Positive
878,"Samsung Galaxy M31s (Mirage Black, 8GB RAM, 128GB Storage)",B07DJLVHYC,"
issue charger battery
", device supposed charge 0 100 97 minuteshowever product received takes 3 hours charge fullyhow could 25 w superfast charging hope one else facing issueneed replace device,1,device supposed charge 0 100 97 minuteshowever product received takes 3 hours charge fullyhow could 25 w superfast charging hope one else facing issueneed replace device,Negative
879,"Samsung Galaxy M31s (Mirage Black, 8GB RAM, 128GB Storage)",B07DJLVHYC,"
very bad product bad quality money wasted
", yesterday received new m31s phone bad phone bad quality features camera bad picture quality flash front cameratill found cameras look like vga picture camera tried return phone amazon care denied said return replace refund policy phone,1,yesterday received new m31s phone bad phone bad quality features camera bad picture quality flash front cameratill found cameras look like vga picture camera tried return phone amazon care denied said return replace refund policy phone,Negative
880,"Samsung Galaxy M31s (Mirage Black, 8GB RAM, 128GB Storage)",B07DJLVHYC,"
wrost product sent amazon samsung
", item defective wrost products dont buy,1,item defective wrost products dont buy,Negative
881,"Samsung Galaxy M31s (Mirage Black, 8GB RAM, 128GB Storage)",B07DJLVHYC,"
not good according price
", writing product one month usedisplaysamsung super amoled display really amazing batterybattery 6000 mahbut actual performance equal 4500 mah brandsfor battery backup 1 daybuild qualityi impressed build quality find damage 23 drops tablecamera qualitypicture quality good worse 12 mp camera back cover earphonebrand charging 20000 rs afford cost back cover earphonethis worst processorold outdated processor phone lag gamingeven small game like angry birds also lagi suggest anyone buy phone 20000better go brand,1,writing product one month usedisplaysamsung super amoled display really amazing batterybattery 6000 mahbut actual performance equal 4500 mah brandsfor battery backup 1 daybuild qualityi impressed build quality find damage 23 drops tablecamera qualitypicture quality good worse 12 mp camera back cover earphonebrand charging 20000 rs afford cost back cover earphonethis worst processorold outdated processor phone lag gamingeven small game like angry birds also lagi suggest anyone buy phone 20000better go brand,Negative
882,"Samsung Galaxy M31s (Mirage Black, 8GB RAM, 128GB Storage)",B07DJLVHYC,"
faulty mobile phone received
", faulty mobile phone received charge phone takes around three hours charge upto 65 operating phone charging indicator showing 5spoke amazon customer service issue per technician assigned inspect phone technicians report replace phone,1,faulty mobile phone received charge phone takes around three hours charge upto 65 operating phone charging indicator showing 5spoke amazon customer service issue per technician assigned inspect phone technicians report replace phone,Negative
883,"Samsung Galaxy M31s (Mirage Black, 8GB RAM, 128GB Storage)",B07DJLVHYC,"
no basic accessories
", purchased phone 6th august still cant use phone tempered glass back cover available come samsung purchased didnt want purchase oppopocco blah blah supporting make india product chinese brand know nerve customer providing basic accessories phone would better ordered mi phones providing basic accessories camera quality better phone price range,4,purchased phone 6th august still cant use phone tempered glass back cover available come samsung purchased didnt want purchase oppopocco blah blah supporting make india product chinese brand know nerve customer providing basic accessories phone would better ordered mi phones providing basic accessories camera quality better phone price range,Positive
884,"Samsung Galaxy M31s (Mirage Black, 8GB RAM, 128GB Storage)",B07DJLVHYC,"
camerabatteryfingure print sensorchargingdisplay still missing features mi realme
", youll get honest opinion samsung m31si got phonei ordered phone first launch day amazonquestion 1 think phone rangeanswer phone range quite good youre samsung lover boycott chinese product dont want buy chinese phone like mirealmeyou go itquestion2 think specifications rangeanswer specification like display qualitygood battery backupfast charginggood camera process still tested keep touch telegram guptajitalks question 3 purchase phone rangeanswer umm ill suggest go youre samsung lover priority batter backupfast chargingvideo watchingcamera please go past youve used realmeor mi phone dont purchase youll miss feature available phone need install extra applications play store sourcequestion 4 purchase samsung m31 m31sanswer main priority fast charging want use new updated fingure print sensor go otherwise everything similar phonechoose according budgetquestion5 fingure print work fineanswer fingure print senson working awesomei also getting hesitate feeling relax working fine smoothquestion 6 anything else want ask text telegram guptajitalksanswer updated sooni want mention somethingnote 1camerachargingdisplaycablevideo watching experience awesomeprocessor still tested2youll miss feature previously used mi realme phoneyou need install extra app,5,youll get honest opinion samsung m31si got phonei ordered phone first launch day amazonquestion 1 think phone rangeanswer phone range quite good youre samsung lover boycott chinese product dont want buy chinese phone like mirealmeyou go itquestion2 think specifications rangeanswer specification like display qualitygood battery backupfast charginggood camera process still tested keep touch telegram guptajitalks question 3 purchase phone rangeanswer umm ill suggest go youre samsung lover priority batter backupfast chargingvideo watchingcamera please go past youve used realmeor mi phone dont purchase youll miss feature available phone need install extra applications play store sourcequestion 4 purchase samsung m31 m31sanswer main priority fast charging want use new updated fingure print sensor go otherwise everything similar phonechoose according budgetquestion5 fingure print work fineanswer fingure print senson working awesomei also getting hesitate feeling relax working fine smoothquestion 6 anything else want ask text telegram guptajitalksanswer updated sooni want mention somethingnote 1camerachargingdisplaycablevideo watching experience awesomeprocessor still tested2youll miss feature previously used mi realme phoneyou need install extra app,Positive
885,"Samsung Galaxy M31s (Mirage Black, 8GB RAM, 128GB Storage)",B07DJLVHYC,"
really good phone please see comments using 10days
", using 10 days1 look like 6000mah battery brands phone 5000mah give backup this2 bad wifi receiver able capture wifi signal properly thing reverse case means mobile hotspot able transmit high range trust think wrong make comparison old phone see difference3 sim card 2nd sim getting call disconnecting call sometimes network fluctuating taking time stable4 dropping phone bed sound coming seems sim tray casing noise5 lock finger print scanning button mounted right side making sound tik tik pressing smoothplease check phone dont forget add comments wheather facing waiting inputs,2,using 10 days1 look like 6000mah battery brands phone 5000mah give backup this2 bad wifi receiver able capture wifi signal properly thing reverse case means mobile hotspot able transmit high range trust think wrong make comparison old phone see difference3 sim card 2nd sim getting call disconnecting call sometimes network fluctuating taking time stable4 dropping phone bed sound coming seems sim tray casing noise5 lock finger print scanning button mounted right side making sound tik tik pressing smoothplease check phone dont forget add comments wheather facing waiting inputs,Negative
886,"Samsung Galaxy M31s (Mirage Black, 8GB RAM, 128GB Storage)",B07DJLVHYC,"
wastage money
", disappointed samsung amazoncamera hangs single shot mode doesnt works properlysometimes gives three outputs sometimes 7it never gives 10 outputs claimed brand,1,disappointed samsung amazoncamera hangs single shot mode doesnt works properlysometimes gives three outputs sometimes 7it never gives 10 outputs claimed brand,Negative
887,"Samsung Galaxy M31s (Mirage Black, 8GB RAM, 128GB Storage)",B07DJLVHYC,"
poor quality product poor service amazon
", happy amazon service guys 20k rs cellphonethe back cover fitted properly could damage displayin spite replacement policy amazon failed provide replacement providing refundthis going painful experienceas exchanged reliable nokia less tech spec purchased cellphone emithis made situation slightlycomplicated thinking file case amazon consumer courtsamsung plz take care product qualitynot expected giant like big game changer invest lot money rd poor quality control pre dispatch inspectionid never buy samsung,1,happy amazon service guys 20k rs cellphonethe back cover fitted properly could damage displayin spite replacement policy amazon failed provide replacement providing refundthis going painful experienceas exchanged reliable nokia less tech spec purchased cellphone emithis made situation slightlycomplicated thinking file case amazon consumer courtsamsung plz take care product qualitynot expected giant like big game changer invest lot money rd poor quality control pre dispatch inspectionid never buy samsung,Negative
888,"Samsung Galaxy M31s (Mirage Black, 8GB RAM, 128GB Storage)",B07DJLVHYC,"
best segment good multimedia experience
", lets talk positives firstdesign build compelling price range fingerprint magnet alertdisplay damn bestsoftware experience clean ui like feature samsung almost took customization next levelcamera decent sony sensors job samsungs camera features like cherry topmultimedia experience phone good believe wont disappoint eitherbattery humongous fast charger box need worry battery backupconsnot major noticeableweight definitely feel used long period timeperformance good competition provides price range notice heavily scrolling twitter everything usable little bit boost performance would taken phone next levelphone gets little bit warm also noticeable dont know issueoverall gamer boy performance addict ignore thispeople like could sacrifice little performance good multimedia experience definitely give try display definitely fall love,4,lets talk positives firstdesign build compelling price range fingerprint magnet alertdisplay damn bestsoftware experience clean ui like feature samsung almost took customization next levelcamera decent sony sensors job samsungs camera features like cherry topmultimedia experience phone good believe wont disappoint eitherbattery humongous fast charger box need worry battery backupconsnot major noticeableweight definitely feel used long period timeperformance good competition provides price range notice heavily scrolling twitter everything usable little bit boost performance would taken phone next levelphone gets little bit warm also noticeable dont know issueoverall gamer boy performance addict ignore thispeople like could sacrifice little performance good multimedia experience definitely give try display definitely fall love,Positive
889,"Samsung Galaxy M31s (Mirage Black, 8GB RAM, 128GB Storage)",B07DJLVHYC,"
samsung india
", amazing device 20kif camera lover believe wont disappointedi purchased device first sale awesome delivery experiencethanks seller amazon india diliver package soon,5,amazing device 20kif camera lover believe wont disappointedi purchased device first sale awesome delivery experiencethanks seller amazon india diliver package soon,Positive
890,"Samsung Galaxy M31s (Mirage Black, 8GB RAM, 128GB Storage)",B07DJLVHYC,"
awesome 
", 1display superb2getting two days battery life3camera good4single take feature good5hyperlapseslow motionsuper slow motion video taken6u switch back camera front camera recording,5,1display superb2getting two days battery life3camera good4single take feature good5hyperlapseslow motionsuper slow motion video taken6u switch back camera front camera recording,Positive
891,"Samsung Galaxy M31s (Mirage Black, 8GB RAM, 128GB Storage)",B07DJLVHYC,"
dont buy amazon fooled me
", product design website different worst samsung mobile ever used seen edited images amazon fooled please buy product worst camera low processer completely happy product waste hardearned money worst phonego redmi k20redmi k20 pro forbetter performancebetter battery lifebetter camera,1,product design website different worst samsung mobile ever used seen edited images amazon fooled please buy product worst camera low processer completely happy product waste hardearned money worst phonego redmi k20redmi k20 pro forbetter performancebetter battery lifebetter camera,Negative
892,"Samsung Galaxy M31s (Mirage Black, 8GB RAM, 128GB Storage)",B07DJLVHYC,"
heating issue
", phone received getting warmer around ear piece area even short duration calls less 2 min made compliant amazon samsung say completely normalmy question earpiece gets warmer even short duration calls could take calls comfortablybetter stay away device complete review fix product,2,phone received getting warmer around ear piece area even short duration calls less 2 min made compliant amazon samsung say completely normalmy question earpiece gets warmer even short duration calls could take calls comfortablybetter stay away device complete review fix product,Negative
893,"Samsung Galaxy M31s (Mirage Black, 8GB RAM, 128GB Storage)",B07DJLVHYC,"
volume problem
", setup process noticed volume low time came timeafter used two days problem stared timeis mobile need repair replacement,4,setup process noticed volume low time came timeafter used two days problem stared timeis mobile need repair replacement,Positive
894,"Samsung Galaxy M31s (Mirage Black, 8GB RAM, 128GB Storage)",B07DJLVHYC,"
must buy 20k range 8gb 128gb
", purchased sale day received 2 days 5 amazon delivery service samsung m31s 8gb 128gb best buy product around 20k 6000mah battery amoled display camera far better m31 used sony sensor works like charm lag beautiful display good camera easy handle much bloatware many disableduninstalled needed overall good buy product 1 less rated due dual core back cover design ok much impressive otherwise good go,4,purchased sale day received 2 days 5 amazon delivery service samsung m31s 8gb 128gb best buy product around 20k 6000mah battery amoled display camera far better m31 used sony sensor works like charm lag beautiful display good camera easy handle much bloatware many disableduninstalled needed overall good buy product 1 less rated due dual core back cover design ok much impressive otherwise good go,Positive
895,"Samsung Galaxy M31s (Mirage Black, 8GB RAM, 128GB Storage)",B07DJLVHYC,"
really monster
", best super amoled display smooth experience brilliant quad cmeraamazing battery life thanks huge 6000mah battery fingerprint sensor fast accurate also like position sensorphone supports hdr easy hold feel premiumlittle bit heavier old phone 5000mah batteryi suggest apply case otherwise see scratches backoverall phone excellent,5,best super amoled display smooth experience brilliant quad cmeraamazing battery life thanks huge 6000mah battery fingerprint sensor fast accurate also like position sensorphone supports hdr easy hold feel premiumlittle bit heavier old phone 5000mah batteryi suggest apply case otherwise see scratches backoverall phone excellent,Positive
896,"Samsung Galaxy M31s (Mirage Black, 8GB RAM, 128GB Storage)",B07DJLVHYC,"
worth every pennymy first samsung ever beast
", first thanks amazon lightning fast deliveryphone delivered within 1 daynow come phonesamsung beautiful gorgeous displaysound awesomecamera good tdue battery life non replacableoverall give 9 10only con processordont take wrongit efficient daily day use u hard core gamer might ui upload review later finally,5,first thanks amazon lightning fast deliveryphone delivered within 1 daynow come phonesamsung beautiful gorgeous displaysound awesomecamera good tdue battery life non replacableoverall give 9 10only con processordont take wrongit efficient daily day use u hard core gamer might ui upload review later finally,Positive
897,"Samsung Galaxy M31s (Mirage Black, 8GB RAM, 128GB Storage)",B07DJLVHYC,"
dont purchase via amazon
", please dont purchase phone via amazon phones pass samsung quality department iam sharing experience,1,please dont purchase phone via amazon phones pass samsung quality department iam sharing experience,Negative
898,"Samsung Galaxy M31s (Mirage Black, 8GB RAM, 128GB Storage)",B07DJLVHYC,"
best phone 20000 also easily beats 30000 phones
", best phone 20k range also easily beats many phones 30k wellpros1 samsung brand value2 samoled screen best display amazin color reproduction supports always display3 best class camera sony imx 682 sensor better many high range phones well4 single take camera feature works superb5 amazing low light photography6 25w superfast samsung charger price range monster battery 6000 mah easily works minimum 15 2 days7 knox security8 cool body finishing9 side mounted finger print sensor better back indisplay finger print sensor10 small punch hole display front camera makes screen even better thats great compared pill shaped 2 camera u camera11 sapphire camera glass checked one m31s durability test get scratched even level 7 scratches12 thanks samsung skipping 35mm camera jack13 dolby audio headphonesand bluetooth speaker14 loud loudspeakerconsnothing suchonly better processor would cherry cake gamer processor handles day day usage easily without lags slownessoverall amazing phone without limitation budget mid rangewill upload phone camera samples soon,5,best phone 20k range also easily beats many phones 30k wellpros1 samsung brand value2 samoled screen best display amazin color reproduction supports always display3 best class camera sony imx 682 sensor better many high range phones well4 single take camera feature works superb5 amazing low light photography6 25w superfast samsung charger price range monster battery 6000 mah easily works minimum 15 2 days7 knox security8 cool body finishing9 side mounted finger print sensor better back indisplay finger print sensor10 small punch hole display front camera makes screen even better thats great compared pill shaped 2 camera u camera11 sapphire camera glass checked one m31s durability test get scratched even level 7 scratches12 thanks samsung skipping 35mm camera jack13 dolby audio headphonesand bluetooth speaker14 loud loudspeakerconsnothing suchonly better processor would cherry cake gamer processor handles day day usage easily without lags slownessoverall amazing phone without limitation budget mid rangewill upload phone camera samples soon,Positive
899,"Samsung Galaxy M31s (Mirage Black, 8GB RAM, 128GB Storage)",B07DJLVHYC,"
worst product ever
", worst product everi got phone 15aug 2020 found camera working properly couldnt make videos working watching videos sound properly even cant heard anythingvery disappointing phone would rather go one plus nord,1,worst product everi got phone 15aug 2020 found camera working properly couldnt make videos working watching videos sound properly even cant heard anythingvery disappointing phone would rather go one plus nord,Negative
1800,"Samsung Galaxy Z Flip (Gold, 8GB RAM, 256GB Storage) with No Cost EMI/Additional Exchange Offers",B084456GH4,"
deadlier
", going die corona way buyed phone,5,going die corona way buyed phone,Positive
1801,"Samsung Galaxy Z Flip (Gold, 8GB RAM, 256GB Storage) with No Cost EMI/Additional Exchange Offers",B084456GH4,"
kidney phone
", sold 1 kidney 80000 realised enough money n doctor says sell second kedney buy,3,sold 1 kidney 80000 realised enough money n doctor says sell second kedney buy,Neutral
1802,"Samsung Galaxy Z Flip (Gold, 8GB RAM, 256GB Storage) with No Cost EMI/Additional Exchange Offers",B084456GH4,"
price design
", unique design things also good price design go want something special looks,3,unique design things also good price design go want something special looks,Neutral
1803,"Samsung Galaxy Z Flip (Gold, 8GB RAM, 256GB Storage) with No Cost EMI/Additional Exchange Offers",B084456GH4,"
fabulous
", iconic phone buy another one soon,5,iconic phone buy another one soon,Positive
1804,"Samsung Galaxy Z Flip (Gold, 8GB RAM, 256GB Storage) with No Cost EMI/Additional Exchange Offers",B084456GH4,"
definitely recommended
", bad product better go 10k phone much better,1,bad product better go 10k phone much better,Negative
1805,"Samsung Galaxy Z Flip (Gold, 8GB RAM, 256GB Storage) with No Cost EMI/Additional Exchange Offers",B084456GH4,"
samsung never fails surprise 
", elite phones samsung always good price used s8 last samung phone never faced dissatisfaction,5,elite phones samsung always good price used s8 last samung phone never faced dissatisfaction,Positive
1806,"Samsung Galaxy Z Flip (Gold, 8GB RAM, 256GB Storage) with No Cost EMI/Additional Exchange Offers",B084456GH4,"
not worth price
", excited phone first time received faulty phone time replaced thanks super amazon customer service using week feel worth price super delicate phone waterproof phone heats quickly overall would give 5 10,4,excited phone first time received faulty phone time replaced thanks super amazon customer service using week feel worth price super delicate phone waterproof phone heats quickly overall would give 5 10,Positive
1807,"Samsung Galaxy Z Flip (Gold, 8GB RAM, 256GB Storage) with No Cost EMI/Additional Exchange Offers",B084456GH4,"
very bad phone
", bad price worthy taken anyone search ,1,bad price worthy taken anyone search,Negative
1808,"Samsung Galaxy Z Flip (Gold, 8GB RAM, 256GB Storage) with No Cost EMI/Additional Exchange Offers",B084456GH4,"
bad phone even 40k
", phone good much folding mark plastic screen overpriced,1,phone good much folding mark plastic screen overpriced,Negative
1809,"Samsung Galaxy Z Flip (Gold, 8GB RAM, 256GB Storage) with No Cost EMI/Additional Exchange Offers",B084456GH4,"
genuine product
", good product received secured packing thank u amazon,5,good product received secured packing thank u amazon,Positive
1820,"Samsung Galaxy Z Flip (Gold, 8GB RAM, 256GB Storage) with No Cost EMI/Additional Exchange Offers",B084456GH4,"
do buy cheap plastic big money
", product delivered march mid july screen promised slim seamless glass samsung actually plastic crease folds got damaged internally small bubbles crease went samsung care warranty claim rejected rohini new delhi center given reason claim rejectionfeeling cheated buying premium phone,1,product delivered march mid july screen promised slim seamless glass samsung actually plastic crease folds got damaged internally small bubbles crease went samsung care warranty claim rejected rohini new delhi center given reason claim rejectionfeeling cheated buying premium phone,Negative
1821,"Samsung Galaxy Z Flip (Gold, 8GB RAM, 256GB Storage) with No Cost EMI/Additional Exchange Offers",B084456GH4,"
fabulous phone
", brilliant design ,5,brilliant design,Positive
1822,"Samsung Galaxy Z Flip (Gold, 8GB RAM, 256GB Storage) with No Cost EMI/Additional Exchange Offers",B084456GH4,"
screen damage
", screen damage within first 2 months overrated phone warrant given samsung charge 48k screen replacement dont fall 1 year warranty gimmick,1,screen damage within first 2 months overrated phone warrant given samsung charge 48k screen replacement dont fall 1 year warranty gimmick,Negative
1823,"Samsung Galaxy Z Flip (Gold, 8GB RAM, 256GB Storage) with No Cost EMI/Additional Exchange Offers",B084456GH4,"
best phone good price range
", next gen phone samsung superb displayawesome camera mindblowing look full samsungs features,5,next gen phone samsung superb displayawesome camera mindblowing look full samsungs features,Positive
1824,"Samsung Galaxy Z Flip (Gold, 8GB RAM, 256GB Storage) with No Cost EMI/Additional Exchange Offers",B084456GH4,"
great phone
", good phone amazing folding mechanism almost 4months since im using im happy phone,5,good phone amazing folding mechanism almost 4months since im using im happy phone,Positive
1825,"Samsung Galaxy Z Flip (Gold, 8GB RAM, 256GB Storage) with No Cost EMI/Additional Exchange Offers",B084456GH4,"
awesome
", superb phone,5,superb phone,Positive
1826,"Samsung Galaxy Z Flip (Gold, 8GB RAM, 256GB Storage) with No Cost EMI/Additional Exchange Offers",B084456GH4,"
good great
", lightweight delicate phone girls still impressed one change dont except alot handset,4,lightweight delicate phone girls still impressed one change dont except alot handset,Positive
1827,"Samsung Galaxy Z Flip (Gold, 8GB RAM, 256GB Storage) with No Cost EMI/Additional Exchange Offers",B084456GH4,"
phone year
", stylish luxurious makes look cool,5,stylish luxurious makes look cool,Positive
1828,"Samsung Galaxy Z Flip (Gold, 8GB RAM, 256GB Storage) with No Cost EMI/Additional Exchange Offers",B084456GH4,"
classy foldable phone
", bought cost emi option little costly features absent compared note10 gave wife nowwhich using phone getting hot folding feature superb battery could better,5,bought cost emi option little costly features absent compared note10 gave wife nowwhich using phone getting hot folding feature superb battery could better,Positive
1829,"Samsung Galaxy Z Flip (Gold, 8GB RAM, 256GB Storage) with No Cost EMI/Additional Exchange Offers",B084456GH4,"
love samsung z flip
", amazing phone unique idea folding phone way furst sight love phone want buy 2months back bought completely worth phone amazing durability fingerprint sensor amazing smoothness screen word describe love phone amazing,5,amazing phone unique idea folding phone way furst sight love phone want buy 2months back bought completely worth phone amazing durability fingerprint sensor amazing smoothness screen word describe love phone amazing,Positive
1830,"Samsung Galaxy Z Flip (Gold, 8GB RAM, 256GB Storage) with No Cost EMI/Additional Exchange Offers",B084456GH4,"
beautiful claims
", phone beautiful claims performance amazingly smooth love waking seeing phone beside worth money amazon delivered product safely without issues,5,phone beautiful claims performance amazingly smooth love waking seeing phone beside worth money amazon delivered product safely without issues,Positive
1831,"Samsung Galaxy Z Flip (Gold, 8GB RAM, 256GB Storage) with No Cost EMI/Additional Exchange Offers",B084456GH4,"
worth buy video lovers
", amazing phone love flip phone got good offer price worth screen amazing watching movies like hd tv prime videos hd quality super complaints side,4,amazing phone love flip phone got good offer price worth screen amazing watching movies like hd tv prime videos hd quality super complaints side,Positive
1832,"Samsung Galaxy Z Flip (Gold, 8GB RAM, 256GB Storage) with No Cost EMI/Additional Exchange Offers",B084456GH4,"
different experience
", definitely value moneyi think person buying mobile aware thatbut main concept flip phone executed well feels fresh,4,definitely value moneyi think person buying mobile aware thatbut main concept flip phone executed well feels fresh,Positive
1833,"Samsung Galaxy Z Flip (Gold, 8GB RAM, 256GB Storage) with No Cost EMI/Additional Exchange Offers",B084456GH4,"
stable phone classy phone
", nice stable phone seller prompt delivering providing necessary documents budget constraint recommend buy phone,5,nice stable phone seller prompt delivering providing necessary documents budget constraint recommend buy phone,Positive
1834,"Samsung Galaxy Z Flip (Gold, 8GB RAM, 256GB Storage) with No Cost EMI/Additional Exchange Offers",B084456GH4,"
not plan higher plans
", dont waste money higher prices mobile instead buy laptop childrens educational school feeafter finally speak phonehigher prices mobile come prices within months,1,dont waste money higher prices mobile instead buy laptop childrens educational school feeafter finally speak phonehigher prices mobile come prices within months,Negative
1835,"Samsung Galaxy Z Flip (Gold, 8GB RAM, 256GB Storage) with No Cost EMI/Additional Exchange Offers",B084456GH4,"
loving it
", yup u r done seeing iphone everybodys hand alive universe phone give u diff identity luv enjoying using,5,yup u r done seeing iphone everybodys hand alive universe phone give u diff identity luv enjoying using,Positive
1836,"Samsung Galaxy Z Flip (Gold, 8GB RAM, 256GB Storage) with No Cost EMI/Additional Exchange Offers",B084456GH4,"
screen plastic break
", screen plastic break three months,1,screen plastic break three months,Negative
1837,"Samsung Galaxy Z Flip (Gold, 8GB RAM, 256GB Storage) with No Cost EMI/Additional Exchange Offers",B084456GH4,"
worth
", unique design eye catching,5,unique design eye catching,Positive
1839,"Samsung Galaxy Z Flip (Gold, 8GB RAM, 256GB Storage) with No Cost EMI/Additional Exchange Offers",B084456GH4,"
worth buying
", worth buying,5,worth buying,Positive
1840,"Samsung Galaxy Z Flip (Gold, 8GB RAM, 256GB Storage) with No Cost EMI/Additional Exchange Offers",B084456GH4,"
kidney replacer
", best phone replace kidney,5,best phone replace kidney,Positive
1841,"Samsung Galaxy Z Flip (Gold, 8GB RAM, 256GB Storage) with No Cost EMI/Additional Exchange Offers",B084456GH4,"
nice product samsung
", samsung galaxy z flip smartphone launched 20th february 2020 phone comes 670inch touchscreen primary display resolution 1080x2636 pixels pixel density 425 pixels per inch ppi also features 110inch second display resolution 112x300 pixels pixel density 303 pixels per inch ppi samsung galaxy z flip powered 295ghz octacore qualcomm snapdragon 855 processor comes 8gb ram samsung galaxy z flip runs android 10 powered 3300mah battery samsung galaxy z flip supports wireless chargingas far cameras concerned samsung galaxy z flip rear packs 12megapixel primary camera f18 aperture pixel size 14micron second 12megapixel camera f22 aperture pixel size 112micron rear camera setup autofocus sports 10megapixel camera front selfies f24 aperture pixel size 122micronthe samsung galaxy z flip runs one ui 20 based android 10 packs 256gb inbuilt storage samsung galaxy z flip measures 16730 x 7360 x 720mm height x width x thickness weighs 18300 grams launched mirror blackmirror purple mirror gold coloursconnectivity options samsung galaxy z flip include wifi 80211 abgnac gps bluetooth v500 usb typec sensors phone include accelerometer ambient light sensor barometer compass magnetometer gyroscope proximity sensor fingerprint sensor samsung galaxy z flip supports face unlock,5,samsung galaxy z flip smartphone launched 20th february 2020 phone comes 670inch touchscreen primary display resolution 1080x2636 pixels pixel density 425 pixels per inch ppi also features 110inch second display resolution 112x300 pixels pixel density 303 pixels per inch ppi samsung galaxy z flip powered 295ghz octacore qualcomm snapdragon 855 processor comes 8gb ram samsung galaxy z flip runs android 10 powered 3300mah battery samsung galaxy z flip supports wireless chargingas far cameras concerned samsung galaxy z flip rear packs 12megapixel primary camera f18 aperture pixel size 14micron second 12megapixel camera f22 aperture pixel size 112micron rear camera setup autofocus sports 10megapixel camera front selfies f24 aperture pixel size 122micronthe samsung galaxy z flip runs one ui 20 based android 10 packs 256gb inbuilt storage samsung galaxy z flip measures 16730 x 7360 x 720mm height x width x thickness weighs 18300 grams launched mirror blackmirror purple mirror gold coloursconnectivity options samsung galaxy z flip include wifi 80211 abgnac gps bluetooth v500 usb typec sensors phone include accelerometer ambient light sensor barometer compass magnetometer gyroscope proximity sensor fingerprint sensor samsung galaxy z flip supports face unlock,Positive
1842,"Samsung Galaxy Z Flip (Gold, 8GB RAM, 256GB Storage) with No Cost EMI/Additional Exchange Offers",B084456GH4,"
put hard earned money right gadget
", golden goose samsung fragile handle screen looks like acrylic prones lots creases across screen repetitive usage price range one opt note 10 plus way far better may pros heart breaker long run one need pen go clean s10 s20 sturdy durable z flip samsung basically disadvantage flip samsung hello moto lenovo hmd nokia,1,golden goose samsung fragile handle screen looks like acrylic prones lots creases across screen repetitive usage price range one opt note 10 plus way far better may pros heart breaker long run one need pen go clean s10 s20 sturdy durable z flip samsung basically disadvantage flip samsung hello moto lenovo hmd nokia,Negative
1843,"Samsung Galaxy Z Flip (Gold, 8GB RAM, 256GB Storage) with No Cost EMI/Additional Exchange Offers",B084456GH4,"
please read first
", first writing review didnt purchased phone used phone samsung retail store demo like every store almost 30 min say phone amazing everythingcant write,5,first writing review didnt purchased phone used phone samsung retail store demo like every store almost 30 min say phone amazing everythingcant write,Positive
1844,"Samsung Galaxy Z Flip (Gold, 8GB RAM, 256GB Storage) with No Cost EMI/Additional Exchange Offers",B084456GH4,"
wastage
", waste money,1,waste money,Negative
1846,"Samsung Galaxy Z Flip (Gold, 8GB RAM, 256GB Storage) with No Cost EMI/Additional Exchange Offers",B084456GH4,"
good one
", per viewthis phone pretty coolthe folding system makes compatibleafter folding little thickerand smooth performancecamera good night mode awesome coolrqm 8 gb sufficient 256 gb sufficient display best even compared iphone 11 good buy,4,per viewthis phone pretty coolthe folding system makes compatibleafter folding little thickerand smooth performancecamera good night mode awesome coolrqm 8 gb sufficient 256 gb sufficient display best even compared iphone 11 good buy,Positive
1847,"Samsung Galaxy Z Flip (Gold, 8GB RAM, 256GB Storage) with No Cost EMI/Additional Exchange Offers",B084456GH4,"
difficult carry slippy in
", difficult carrying one hand little bit balky,1,difficult carrying one hand little bit balky,Negative
1848,"Samsung Galaxy Z Flip (Gold, 8GB RAM, 256GB Storage) with No Cost EMI/Additional Exchange Offers",B084456GH4,"
dont buy it
", screen damaged within 2 months purchase warranty claim gimmickno point spending much money ridiculous productscreen replacement 48k absolutely support samsung service centre,1,screen damaged within 2 months purchase warranty claim gimmickno point spending much money ridiculous productscreen replacement 48k absolutely support samsung service centre,Negative
1849,"Samsung Galaxy Z Flip (Gold, 8GB RAM, 256GB Storage) with No Cost EMI/Additional Exchange Offers",B084456GH4,"
high price
", wish buy phonei dont suuch huge amountso pray god send money buy phone,5,wish buy phonei dont suuch huge amountso pray god send money buy phone,Positive
1850,"Samsung Galaxy Z Flip (Gold, 8GB RAM, 256GB Storage) with No Cost EMI/Additional Exchange Offers",B084456GH4,"
worst phone
", dont buy want buy buy samsung note 20 ultra phone waste money,1,dont buy want buy buy samsung note 20 ultra phone waste money,Negative
1852,"Samsung Galaxy Z Flip (Gold, 8GB RAM, 256GB Storage) with No Cost EMI/Additional Exchange Offers",B084456GH4,"
it iconic phone
", think iconic rest world bound iconic phone cost go get,5,think iconic rest world bound iconic phone cost go get,Positive
1853,"Samsung Galaxy Z Flip (Gold, 8GB RAM, 256GB Storage) with No Cost EMI/Additional Exchange Offers",B084456GH4,"
y4sxjyxyj
", display pure foldable glass plastic layer folding glass dont beleive watch durability test z flip youtube channel jerryrigeverything,1,display pure foldable glass plastic layer folding glass dont beleive watch durability test z flip youtube channel jerryrigeverything,Negative
1854,"Samsung Galaxy Z Flip (Gold, 8GB RAM, 256GB Storage) with No Cost EMI/Additional Exchange Offers",B084456GH4,"
go corona go
", covid kill us anyways bought instead saving future unlikely,5,covid kill us anyways bought instead saving future unlikely,Positive
1855,"Samsung Galaxy Z Flip (Gold, 8GB RAM, 256GB Storage) with No Cost EMI/Additional Exchange Offers",B084456GH4,"
its future smartphone display
", samsung android smartphone manufacturing company taken futuristic steps smartphone industry back 2014 first made edge display phone time didnt become popular sometime became trend rest companies still following may future smartphone display frankly afford phone price innovation samsung continue strive,5,samsung android smartphone manufacturing company taken futuristic steps smartphone industry back 2014 first made edge display phone time didnt become popular sometime became trend rest companies still following may future smartphone display frankly afford phone price innovation samsung continue strive,Positive
